Country,Date,Bioenergy,Hydro,Wind,Solar
Norway,2023-01-01,787.2,226484.2,45921.4,0.0
Norway,2023-01-02,674.0,401445.0,18329.8,0.0
Norway,2023-01-03,561.0,432940.6,25784.2,0.0
Norway,2023-01-04,633.5,321197.0,86639.8,0.0
Norway,2023-01-05,571.6,405095.7,74556.8,0.0
Norway,2023-01-06,552.6,373733.7,83892.4,0.0
Norway,2023-01-07,905.0,284854.9,79681.9,0.0
Norway,2023-01-08,909.1,265257.2,85140.3,0.0
Norway,2023-01-09,672.8,407383.60000000003,70631.6,0.0
Norway,2023-01-10,594.6,400854.4,54492.0,0.0
Norway,2023-01-11,544.8,288763.0,80276.0,0.0
Norway,2023-01-12,588.0,294019.8,47403.0,0.0
Norway,2023-01-13,634.9,309378.2,18359.4,0.0
Norway,2023-01-14,590.2,271621.0,38115.7,0.0
Norway,2023-01-15,587.3,243084.7,44557.2,0.0
Norway,2023-01-16,486.4,427964.4,19763.7,0.0
Norway,2023-01-17,458.3,419032.7,47744.7,0.0
Norway,2023-01-18,415.6,453392.4,32723.1,0.0
Norway,2023-01-19,403.1,512940.60000000003,27577.3,0.0
Norway,2023-01-20,369.0,541191.3,23259.3,0.0
Norway,2023-01-21,496.6,507151.10000000003,42002.3,0.0
Norway,2023-01-22,469.7,486936.8,53700.8,0.0
Norway,2023-01-23,448.5,502411.2,69009.1,0.0
Norway,2023-01-24,382.0,470110.9,59102.0,0.0
Norway,2023-01-25,368.6,442742.3,67855.0,0.0
Norway,2023-01-26,370.1,484961.4,43956.0,0.0
Norway,2023-01-27,382.7,497797.2,55552.6,0.0
Norway,2023-01-28,600.7,446596.4,72507.4,0.0
Norway,2023-01-29,548.4,336138.3,74395.2,0.0
Norway,2023-01-30,486.3,312511.7,76954.1,0.0
Norway,2023-01-31,392.0,423113.3,40822.2,0.0
Norway,2023-02-01,370.6,409790.6,30679.7,0.0
Norway,2023-02-02,348.6,510786.3,21844.1,0.0
Norway,2023-02-03,295.1,432917.0,38549.9,0.0
Norway,2023-02-04,481.8,518356.10000000003,49620.1,0.0
Norway,2023-02-05,475.1,413056.6,59859.4,0.0
Norway,2023-02-06,269.3,495781.9,53022.1,0.0
Norway,2023-02-07,401.7,477342.1,53373.3,0.0
Norway,2023-02-08,503.9,429660.8,74705.8,0.0
Norway,2023-02-09,462.6,349135.6,82291.1,0.0
Norway,2023-02-10,300.6,384925.7,65591.0,0.0
Norway,2023-02-11,502.1,357416.4,50124.7,0.0
Norway,2023-02-12,469.2,422157.9,70889.2,0.0
Norway,2023-02-13,441.2,430054.2,60176.8,0.0
Norway,2023-02-14,380.5,510164.9,37159.5,0.0
Norway,2023-02-15,359.7,503551.1,43540.0,0.0
Norway,2023-02-16,374.9,474567.6,56699.9,0.0
Norway,2023-02-17,373.1,350272.5,45688.1,0.0
Norway,2023-02-18,529.9,356884.5,64800.9,0.0
Norway,2023-02-19,507.0,411718.7,50092.7,0.0
Norway,2023-02-20,460.1,311427.7,74145.3,0.0
Norway,2023-02-21,309.3,462450.0,26021.1,0.0
Norway,2023-02-22,271.6,507335.8,64725.0,0.0
Norway,2023-02-23,285.6,465287.3,63736.3,0.0
Norway,2023-02-24,298.3,385338.1,56239.4,0.0
Norway,2023-02-25,437.1,342157.2,44662.3,0.0
Norway,2023-02-26,404.9,406523.9,41999.3,0.0
Norway,2023-02-27,425.9,442965.6,53120.6,0.0
Norway,2023-02-28,380.5,451565.5,48114.4,0.0
Norway,2023-03-01,408.4,438930.9,54234.4,0.0
Norway,2023-03-02,417.0,427091.9,63798.8,0.0
Norway,2023-03-03,425.2,397363.0,82176.4,0.0
Norway,2023-03-04,418.3,376549.2,76812.2,0.0
Norway,2023-03-05,464.8,440434.3,35381.5,0.0
Norway,2023-03-06,335.4,548074.9,13919.8,0.0
Norway,2023-03-07,285.2,469565.8,20375.6,0.0
Norway,2023-03-08,216.5,534020.8,23147.0,0.0
Norway,2023-03-09,256.9,536103.7,21466.5,0.0
Norway,2023-03-10,472.2,504531.0,28862.1,0.0
Norway,2023-03-11,553.9,427423.6,43486.0,0.0
Norway,2023-03-12,557.1,368635.3,41467.1,0.0
Norway,2023-03-13,471.6,290934.6,45560.0,0.0
Norway,2023-03-14,500.4,335019.1,46280.4,0.0
Norway,2023-03-15,428.3,410001.0,39798.0,0.0
Norway,2023-03-16,518.3,408920.4,58215.7,0.0
Norway,2023-03-17,569.7,369367.0,67972.8,0.0
Norway,2023-03-18,637.9,422310.2,30919.9,0.0
Norway,2023-03-19,627.2,441051.4,47186.5,0.0
Norway,2023-03-20,586.6,472747.5,29198.1,0.0
Norway,2023-03-21,544.1,462269.9,36303.6,0.0
Norway,2023-03-22,556.8,334678.3,48387.2,0.0
Norway,2023-03-23,547.8,320548.9,44086.9,0.0
Norway,2023-03-24,590.6,326295.5,18789.8,0.0
Norway,2023-03-25,666.1,274997.0,18787.5,0.0
Norway,2023-03-26,613.0,331117.4,28919.2,0.0
Norway,2023-03-27,502.5,414416.4,27269.6,0.0
Norway,2023-03-28,455.2,471884.4,23728.1,0.0
Norway,2023-03-29,407.8,503054.1,16767.3,0.0
Norway,2023-03-30,508.1,388933.9,50918.8,0.0
Norway,2023-03-31,544.4,403163.0,42343.0,0.0
Norway,2023-04-01,632.9,270588.7,32835.299999999996,0.0
Norway,2023-04-02,653.1,307590.9,16149.0,0.0
Norway,2023-04-03,630.1,432543.6,35733.8,0.0
Norway,2023-04-04,527.2,471286.2,17153.8,0.0
Norway,2023-04-05,555.8,457153.3,39703.3,0.0
Norway,2023-04-06,279.3,397970.7,64222.4,0.0
Norway,2023-04-07,459.3,361971.9,37669.7,0.0
Norway,2023-04-08,632.5,380571.2,20837.0,0.0
Norway,2023-04-09,713.3,334306.0,38338.2,0.0
Norway,2023-04-10,732.6,201578.8,68294.4,0.0
Norway,2023-04-11,686.5,284253.7,64412.2,0.0
Norway,2023-04-12,628.3,312802.9,78951.6,0.0
Norway,2023-04-13,508.5,275391.5,78295.3,0.0
Norway,2023-04-14,400.0,378625.1,75966.1,0.0
Norway,2023-04-15,399.4,386211.5,37356.5,0.0
Norway,2023-04-16,489.5,439587.7,5417.6,0.0
Norway,2023-04-17,482.9,439377.9,9374.4,0.0
Norway,2023-04-18,444.0,382118.9,12612.0,0.0
Norway,2023-04-19,438.5,337663.7,14465.8,0.0
Norway,2023-04-20,454.2,351232.9,14547.7,0.0
Norway,2023-04-21,480.8,344990.6,13306.2,0.0
Norway,2023-04-22,586.1,307489.6,34148.1,0.0
Norway,2023-04-23,677.8,317708.4,30772.0,0.0
Norway,2023-04-24,544.0,382249.1,23774.1,0.0
Norway,2023-04-25,534.5,335492.0,40685.7,0.0
Norway,2023-04-26,426.2,366196.7,30708.2,0.0
Norway,2023-04-27,487.2,365714.9,45848.8,0.0
Norway,2023-04-28,413.4,404300.4,20393.2,0.0
Norway,2023-04-29,514.8,338619.1,42347.0,0.0
Norway,2023-04-30,569.7,260303.80000000002,56449.4,0.0
Norway,2023-05-01,578.4,312180.8,36755.0,0.0
Norway,2023-05-02,566.3000000000001,329712.4,36149.0,0.0
Norway,2023-05-03,894.3,335163.5,20962.9,0.0
Norway,2023-05-04,923.8,337976.1,18653.2,0.0
Norway,2023-05-05,984.3,303259.2,35836.4,0.0
Norway,2023-05-06,1105.6,291180.9,30562.4,0.0
Norway,2023-05-07,1124.8,277503.9,31842.7,0.0
Norway,2023-05-08,1042.3,318057.9,44844.9,0.0
Norway,2023-05-09,1000.1,283918.5,47418.6,0.0
Norway,2023-05-10,904.1,322167.5,32783.7,0.0
Norway,2023-05-11,811.2,392734.7,9773.6,0.0
Norway,2023-05-12,881.8000000000001,387670.1,8693.9,0.0
Norway,2023-05-13,866.8,342023.0,14886.7,0.0
Norway,2023-05-14,873.1,323363.2,25614.5,0.0
Norway,2023-05-15,874.6,373359.8,23491.3,0.0
Norway,2023-05-16,941.6,308457.4,40392.7,0.0
Norway,2023-05-17,872.2,258456.7,63226.6,0.0
Norway,2023-05-18,1093.9,331185.4,21991.7,0.0
Norway,2023-05-19,1090.4,337412.6,32010.7,0.0
Norway,2023-05-20,1173.7,267073.5,27450.8,0.0
Norway,2023-05-21,1244.6,252036.69999999998,16824.4,0.0
Norway,2023-05-22,1123.3,347598.4,13853.6,0.0
Norway,2023-05-23,1172.5,318624.0,32149.7,0.0
Norway,2023-05-24,1073.9,337253.89999999997,61734.2,0.0
Norway,2023-05-25,1130.1,290648.5,79491.1,0.0
Norway,2023-05-26,1091.6,279891.4,49647.2,0.0
Norway,2023-05-27,855.3,275650.7,52660.6,0.0
Norway,2023-05-28,809.0,238237.7,65362.1,0.0
Norway,2023-05-29,710.6,252292.0,54573.5,0.0
Norway,2023-05-30,795.3,331103.1,54697.6,0.0
Norway,2023-05-31,817.6,290672.5,59750.5,0.0
Norway,2023-06-01,849.3,311828.6,52654.1,0.0
Norway,2023-06-02,827.6,362676.2,23361.1,0.0
Norway,2023-06-03,827.9,301360.3,45966.1,0.0
Norway,2023-06-04,741.7,272199.7,25661.0,0.0
Norway,2023-06-05,709.8,333743.7,28224.8,0.0
Norway,2023-06-06,778.4,362858.5,34990.5,0.0
Norway,2023-06-07,818.3,376063.3,26040.7,0.0
Norway,2023-06-08,757.7,355246.4,24202.1,0.0
Norway,2023-06-09,714.2,352373.8,21869.9,0.0
Norway,2023-06-10,902.7,279924.4,21789.0,0.0
Norway,2023-06-11,787.9,240264.5,40536.7,0.0
Norway,2023-06-12,817.2,339229.5,42210.8,0.0
Norway,2023-06-13,999.2,342782.4,12026.2,0.0
Norway,2023-06-14,964.8,364441.3,8856.4,0.0
Norway,2023-06-15,969.2,379795.0,10101.3,0.0
Norway,2023-06-16,992.9,392895.0,7384.3,0.0
Norway,2023-06-17,783.0,342499.4,3870.4,0.0
Norway,2023-06-18,832.7,330656.5,7496.5,0.0
Norway,2023-06-19,877.2,358742.6,20110.2,0.0
Norway,2023-06-20,881.3,367005.0,11764.2,0.0
Norway,2023-06-21,843.3,371165.4,21783.6,0.0
Norway,2023-06-22,747.5,346770.5,44500.0,0.0
Norway,2023-06-23,793.4,317067.8,40884.0,0.0
Norway,2023-06-24,656.3,298414.1,6866.5,0.0
Norway,2023-06-25,617.9,302434.5,4501.3,0.0
Norway,2023-06-26,621.8,328457.1,30958.3,0.0
Norway,2023-06-27,686.8,340420.5,30012.6,0.0
Norway,2023-06-28,800.7,398594.4,5750.5,0.0
Norway,2023-06-29,1040.3,403799.4,10356.2,0.0
Norway,2023-06-30,1158.2,376908.5,20504.0,0.0
Norway,2023-07-01,1185.4,261165.0,18226.6,0.0
Norway,2023-07-02,1200.9,199062.80000000002,25329.6,0.0
Norway,2023-07-03,1128.7,256102.5,32312.8,0.0
Norway,2023-07-04,1137.8,302490.6,15744.4,0.0
Norway,2023-07-05,1154.8,321163.2,8788.9,0.0
Norway,2023-07-06,1222.0,349050.6,19183.4,0.0
Norway,2023-07-07,1132.6,375879.8,8304.8,0.0
Norway,2023-07-08,1083.3,327203.4,3525.2,0.0
Norway,2023-07-09,1237.4,354478.9,6004.1,0.0
Norway,2023-07-10,1070.2,392974.4,8412.8,0.0
Norway,2023-07-11,1083.8,352458.7,32793.6,0.0
Norway,2023-07-12,1131.5,323609.2,47223.7,0.0
Norway,2023-07-13,1128.4,349111.3,30918.6,0.0
Norway,2023-07-14,994.3,387760.5,24466.4,0.0
Norway,2023-07-15,1103.0,257632.7,40506.7,0.0
Norway,2023-07-16,1276.7,195658.80000000002,50707.7,0.0
Norway,2023-07-17,1184.3,247924.80000000002,48860.3,0.0
Norway,2023-07-18,1273.0,340043.7,43933.7,0.0
Norway,2023-07-19,1188.6,418934.7,21257.8,0.0
Norway,2023-07-20,1233.4,409670.2,17879.1,0.0
Norway,2023-07-21,1240.5,448433.60000000003,10451.9,0.0
Norway,2023-07-22,1265.6,398180.2,10644.3,0.0
Norway,2023-07-23,1280.4,285517.7,5498.3,0.0
Norway,2023-07-24,1196.3,397847.8,11152.3,0.0
Norway,2023-07-25,1265.8,361120.7,29770.1,0.0
Norway,2023-07-26,1397.5,371571.3,17623.1,0.0
Norway,2023-07-27,1285.2,416736.3,4248.8,0.0
Norway,2023-07-28,1260.7,420964.7,3083.9,0.0
Norway,2023-07-29,1229.0,328049.9,5441.1,0.0
Norway,2023-07-30,1293.4,276429.89999999997,7852.7,0.0
Norway,2023-07-31,1177.7,362979.5,9591.1,0.0
Norway,2023-08-01,1194.3,348185.2,16381.2,0.0
Norway,2023-08-02,1242.9,329559.0,12737.5,0.0
Norway,2023-08-03,1317.7,288261.7,21779.1,0.0
Norway,2023-08-04,1344.1,309980.6,37052.4,0.0
Norway,2023-08-05,1299.2,317773.9,14020.7,0.0
Norway,2023-08-06,1278.8,273967.1,10156.8,0.0
Norway,2023-08-07,1121.7,218756.7,50507.0,0.0
Norway,2023-08-08,1017.2,214706.3,51545.5,0.0
Norway,2023-08-09,1086.1,251963.6,67281.4,0.0
Norway,2023-08-10,1152.3,336106.6,30726.2,0.0
Norway,2023-08-11,1044.1,371424.3,16940.9,0.0
Norway,2023-08-12,1066.8,328119.8,19788.5,0.0
Norway,2023-08-13,1024.7,319093.5,17688.6,0.0
Norway,2023-08-14,1032.9,400723.1,19922.2,0.0
Norway,2023-08-15,1067.0,397842.0,15157.8,0.0
Norway,2023-08-16,870.0,395698.3,21396.2,0.0
Norway,2023-08-17,797.9,405428.0,11811.4,0.0
Norway,2023-08-18,1068.1,406843.5,15916.6,0.0
Norway,2023-08-19,1169.5,314498.3,55165.9,0.0
Norway,2023-08-20,1046.5,360090.1,28650.4,0.0
Norway,2023-08-21,998.3,419798.1,11352.9,0.0
Norway,2023-08-22,996.9,413310.0,9237.8,0.0
Norway,2023-08-23,972.4,423676.2,10307.1,0.0
Norway,2023-08-24,1012.7,442875.60000000003,7261.8,0.0
Norway,2023-08-25,942.9,434472.8,18804.8,0.0
Norway,2023-08-26,1012.9,383789.8,33666.4,0.0
Norway,2023-08-27,981.0,365281.7,39729.8,0.0
Norway,2023-08-28,968.8,396738.8,33567.5,0.0
Norway,2023-08-29,999.6,416943.4,13663.6,0.0
Norway,2023-08-30,822.7,436157.0,7350.6,0.0
Norway,2023-08-31,838.9,412465.3,6061.8,0.0
Norway,2023-09-01,915.7,416745.4,12966.7,0.0
Norway,2023-09-02,1158.1,370522.7,20896.9,0.0
Norway,2023-09-03,1233.5,343744.0,31072.7,0.0
Norway,2023-09-04,1066.1,334913.3,41210.1,0.0
Norway,2023-09-05,1075.0,328945.5,37836.2,0.0
Norway,2023-09-06,1135.8,355117.9,21212.3,0.0
Norway,2023-09-07,1154.4,363794.5,29933.4,0.0
Norway,2023-09-08,1092.9,365523.7,33355.4,0.0
Norway,2023-09-09,1123.3,309593.8,32634.9,0.0
Norway,2023-09-10,1156.6,316705.7,23693.8,0.0
Norway,2023-09-11,1028.8,357368.2,39610.2,0.0
Norway,2023-09-12,886.6,370638.1,38170.4,0.0
Norway,2023-09-13,835.5,367370.1,30500.8,0.0
Norway,2023-09-14,897.6,397443.6,20777.9,0.0
Norway,2023-09-15,933.7,384199.5,25168.8,0.0
Norway,2023-09-16,1155.1,351427.2,30430.4,0.0
Norway,2023-09-17,1131.1,340005.7,16725.9,0.0
Norway,2023-09-18,1024.5,287386.0,66858.1,0.0
Norway,2023-09-19,994.4,285222.0,52496.9,0.0
Norway,2023-09-20,851.7,306055.8,54790.5,0.0
Norway,2023-09-21,918.5,338475.3,39572.6,0.0
Norway,2023-09-22,902.4,374521.3,17148.9,0.0
Norway,2023-09-23,940.4,398814.8,24007.5,0.0
Norway,2023-09-24,963.6,364480.2,44947.6,0.0
Norway,2023-09-25,816.3,304499.8,54876.9,0.0
Norway,2023-09-26,638.4,374327.9,50181.9,0.0
Norway,2023-09-27,736.4,395840.5,37189.4,0.0
Norway,2023-09-28,538.6,353225.60000000003,57295.9,0.0
Norway,2023-09-29,429.6,379904.9,37113.5,0.0
Norway,2023-09-30,492.4,330469.5,40246.8,0.0
Norway,2023-10-01,540.5,384784.1,17932.6,0.0
Norway,2023-10-02,478.5,427284.2,28561.8,0.0
Norway,2023-10-03,339.7,363850.0,27829.6,0.0
Norway,2023-10-04,306.6,336985.8,37985.7,0.0
Norway,2023-10-05,316.2,373746.1,25594.8,0.0
Norway,2023-10-06,362.3,339979.8,46404.4,0.0
Norway,2023-10-07,500.5,332485.9,51555.8,0.0
Norway,2023-10-08,564.7,404060.10000000003,34552.2,0.0
Norway,2023-10-09,633.8,469020.7,34292.3,0.0
Norway,2023-10-10,547.9,399404.7,55101.2,0.0
Norway,2023-10-11,569.6,283710.1,68722.1,0.0
Norway,2023-10-12,559.6,320743.1,63001.3,0.0
Norway,2023-10-13,592.1,348797.3,56242.6,0.0
Norway,2023-10-14,694.8,259442.2,61915.3,0.0
Norway,2023-10-15,715.8,276852.5,70220.0,0.0
Norway,2023-10-16,576.0,369727.0,45102.4,0.0
Norway,2023-10-17,455.1,367282.9,54968.3,0.0
Norway,2023-10-18,439.7,400878.3,30569.3,0.0
Norway,2023-10-19,569.4,304071.5,74092.1,0.0
Norway,2023-10-20,623.3,325991.1,73156.6,0.0
Norway,2023-10-21,779.0,313725.2,68434.8,0.0
Norway,2023-10-22,786.1,365703.0,58137.1,0.0
Norway,2023-10-23,633.3,485388.0,15500.2,0.0
Norway,2023-10-24,562.0,424133.5,31331.6,0.0
Norway,2023-10-25,604.7,425957.2,44301.3,0.0
Norway,2023-10-26,778.4,464016.5,32859.6,0.0
Norway,2023-10-27,755.4,503641.9,30735.0,0.0
Norway,2023-10-28,922.5,437800.1,33138.7,0.0
Norway,2023-10-29,1000.6,277479.3,34289.7,0.0
Norway,2023-10-30,870.5,420289.0,30526.4,0.0
Norway,2023-10-31,808.1,457731.39999999997,27378.3,0.0
Norway,2023-11-01,797.6,377116.6,57216.4,0.0
Norway,2023-11-02,847.6,310822.7,83269.2,0.0
Norway,2023-11-03,1049.9,311471.5,87509.7,0.0
Norway,2023-11-04,1117.3,210500.6,77570.2,0.0
Norway,2023-11-05,1162.3,271277.9,51654.2,0.0
Norway,2023-11-06,872.0,408991.3,7409.7,0.0
Norway,2023-11-07,864.8,463666.9,6106.6,0.0
Norway,2023-11-08,829.7,446235.3,23622.7,0.0
Norway,2023-11-09,933.6,461574.4,47445.2,0.0
Norway,2023-11-10,923.9,445196.4,53632.4,0.0
Norway,2023-11-11,960.6,450279.5,49616.9,0.0
Norway,2023-11-12,944.0,451283.6,48363.2,0.0
Norway,2023-11-13,770.8,461706.8,43504.7,0.0
Norway,2023-11-14,741.8,401779.1,38910.4,0.0
Norway,2023-11-15,707.4,483396.2,18847.6,0.0
Norway,2023-11-16,743.6,499287.3,34258.5,0.0
Norway,2023-11-17,784.1,537843.6,21637.9,0.0
Norway,2023-11-18,718.5,495766.1,34630.4,0.0
Norway,2023-11-19,990.5,356038.9,41380.5,0.0
Norway,2023-11-20,852.7,493570.10000000003,29630.0,0.0
Norway,2023-11-21,794.9,516194.1,28273.4,0.0
Norway,2023-11-22,859.0,386211.9,88660.6,0.0
Norway,2023-11-23,842.6,292601.7,72219.0,0.0
Norway,2023-11-24,668.4,336445.5,63689.0,0.0
Norway,2023-11-25,659.4,411351.7,26557.8,0.0
Norway,2023-11-26,679.5,486832.3,20191.2,0.0
Norway,2023-11-27,574.5,485386.0,51084.2,0.0
Norway,2023-11-28,679.6,444067.9,47647.2,0.0
Norway,2023-11-29,648.7,460296.2,46264.6,0.0
Norway,2023-11-30,658.1,519868.7,39469.200000000004,0.0
Norway,2023-12-01,748.8,535933.4,7102.4,0.0
Norway,2023-12-02,801.0,530093.0,19532.3,0.0
Norway,2023-12-03,858.7,515685.60000000003,26212.6,0.0
Norway,2023-12-04,780.5,520535.6,7662.4,0.0
Norway,2023-12-05,699.0,507795.4,19886.4,0.0
Norway,2023-12-06,562.4,504117.2,30759.4,0.0
Norway,2023-12-07,616.1,512650.3,48020.2,0.0
Norway,2023-12-08,769.2,479053.10000000003,79818.2,0.0
Norway,2023-12-09,828.0,384973.0,82510.0,0.0
Norway,2023-12-10,916.1,310119.8,63260.5,0.0
Norway,2023-12-11,683.6,447553.7,38081.9,0.0
Norway,2023-12-12,567.2,492206.9,37701.6,0.0
Norway,2023-12-13,699.1,490102.7,28166.1,0.0
Norway,2023-12-14,683.9,520547.4,43566.6,0.0
Norway,2023-12-15,716.0,505141.7,61584.3,0.0
Norway,2023-12-16,805.0,309400.4,84870.2,0.0
Norway,2023-12-17,901.5,261022.2,66735.5,0.0
Norway,2023-12-18,827.3,346727.6,67198.5,0.0
Norway,2023-12-19,733.3,376621.5,65752.9,0.0
Norway,2023-12-20,766.7,408622.2,37472.1,0.0
Norway,2023-12-21,706.8,332332.0,61184.3,0.0
Norway,2023-12-22,692.2,311706.6,50928.6,0.0
Norway,2023-12-23,697.5,281262.3,28005.2,0.0
Norway,2023-12-24,786.8,248762.8,47082.0,0.0
Norway,2023-12-25,829.4,258538.3,36564.8,0.0
Norway,2023-12-26,791.6,297934.6,46128.9,0.0
Norway,2023-12-27,769.7,380507.60000000003,61393.0,0.0
Norway,2023-12-28,771.8,271942.6,59677.0,0.0
Norway,2023-12-29,813.0,281748.5,57912.5,0.0
Norway,2023-12-30,783.1,321712.7,46158.6,0.0
Norway,2023-12-31,823.6,262704.1,77416.3,0.0
Norway,2024-01-01,817.2,258267.7,86079.9,0.0
Norway,2024-01-02,638.5,373468.9,76555.7,0.0
Norway,2024-01-03,740.1,401040.7,72219.9,0.0
Norway,2024-01-04,690.9,504573.1,56205.4,0.0
Norway,2024-01-05,401.8,539236.8,27941.7,0.0
Norway,2024-01-06,586.6,545065.7,12719.5,0.0
Norway,2024-01-07,606.0,520632.3,26302.4,0.0
Norway,2024-01-08,474.1,489178.9,49083.9,0.0
Norway,2024-01-09,729.7,480519.2,60552.8,0.0
Norway,2024-01-10,715.8,478465.5,60672.7,0.0
Norway,2024-01-11,738.7,507128.1,53171.3,0.0
Norway,2024-01-12,741.0,491048.9,69510.2,0.0
Norway,2024-01-13,661.3,413810.7,69441.0,0.0
Norway,2024-01-14,737.6,458224.2,37008.3,0.0
Norway,2024-01-15,797.0,510412.10000000003,17506.6,0.0
Norway,2024-01-16,749.5,558879.8,31114.5,0.0
Norway,2024-01-17,764.1,523028.0,41144.7,0.0
Norway,2024-01-18,763.7,538872.1,40606.1,0.0
Norway,2024-01-19,677.7,530351.8,24718.8,0.0
Norway,2024-01-20,594.0,499454.5,46969.6,0.0
Norway,2024-01-21,637.8,321195.7,75216.8,0.0
Norway,2024-01-22,659.2,293148.2,83176.8,0.0
Norway,2024-01-23,602.3,329287.0,60272.6,0.0
Norway,2024-01-24,653.6,315109.1,62275.4,0.0
Norway,2024-01-25,539.8,479389.0,36093.4,0.0
Norway,2024-01-26,663.0,377968.7,83716.3,0.0
Norway,2024-01-27,620.0,359823.30000000005,80465.5,0.0
Norway,2024-01-28,607.4,300126.3,78315.2,0.0
Norway,2024-01-29,662.1,409865.6,60863.9,0.0
Norway,2024-01-30,645.5,485092.3,52885.4,0.0
Norway,2024-01-31,707.8,366599.8,81291.5,0.0
Norway,2024-02-01,777.9,351046.5,72638.8,0.0
Norway,2024-02-02,722.1,333042.3,74838.1,0.0
Norway,2024-02-03,763.7,237343.6,71129.1,0.0
Norway,2024-02-04,777.6,208344.5,58574.3,0.0
Norway,2024-02-05,743.7,375350.8,25309.399999999998,0.0
Norway,2024-02-06,793.9,433194.5,29247.6,0.0
Norway,2024-02-07,855.6,528873.6,24228.1,0.0
Norway,2024-02-08,770.4,562052.6,28413.8,0.0
Norway,2024-02-09,759.5,505650.9,56947.8,0.0
Norway,2024-02-10,729.1,517153.7,69085.0,0.0
Norway,2024-02-11,779.8,460503.6,64997.3,0.0
Norway,2024-02-12,856.1,524424.5,77948.4,0.0
Norway,2024-02-13,851.5,471460.7,64873.2,0.0
Norway,2024-02-14,810.4,492630.1,57703.0,0.0
Norway,2024-02-15,786.9,513255.9,53214.3,0.0
Norway,2024-02-16,659.9,448474.0,40653.7,0.0
Norway,2024-02-17,739.8,428673.0,33935.8,0.0
Norway,2024-02-18,720.7,412116.6,35380.1,0.0
Norway,2024-02-19,894.3,509224.6,20994.2,0.0
Norway,2024-02-20,850.9,514371.1,41869.3,0.0
Norway,2024-02-21,886.9,445177.2,47150.2,0.0
Norway,2024-02-22,876.4,389658.8,64175.7,0.0
Norway,2024-02-23,941.1,333498.10000000003,78137.4,0.0
Norway,2024-02-24,897.6,388248.2,53460.3,0.0
Norway,2024-02-25,865.1,403303.6,46760.6,0.0
Norway,2024-02-26,885.0,492792.3,20728.7,0.0
Norway,2024-02-27,857.1,485240.3,57842.8,0.0
Norway,2024-02-28,882.3,438898.1,71499.6,0.0
Norway,2024-02-29,886.9,332999.8,77558.7,0.0
Norway,2024-03-01,837.9,429079.3,65813.9,0.0
Norway,2024-03-02,765.0,441114.6,52423.7,0.0
Norway,2024-03-03,874.5,400591.0,58318.2,0.0
Norway,2024-03-04,796.0,471989.2,78652.7,0.0
Norway,2024-03-05,864.4,479260.1,49404.6,0.0
Norway,2024-03-06,1003.1,554696.8,22598.2,0.0
Norway,2024-03-07,934.0,535776.9,14348.7,0.0
Norway,2024-03-08,997.1,457244.4,11002.7,0.0
Norway,2024-03-09,1057.8,306147.1,53720.3,0.0
Norway,2024-03-10,1105.6,286581.9,54474.200000000004,0.0
Norway,2024-03-11,1052.1,447008.1,25912.1,0.0
Norway,2024-03-12,962.1,524162.60000000003,19778.3,0.0
Norway,2024-03-13,966.7,484437.8,59293.2,0.0
Norway,2024-03-14,857.1,356614.4,55945.9,0.0
Norway,2024-03-15,857.8,350026.6,39756.3,0.0
Norway,2024-03-16,872.4,314541.2,47085.3,0.0
Norway,2024-03-17,985.5,394185.9,58416.6,0.0
Norway,2024-03-18,900.7,464509.9,59198.5,0.0
Norway,2024-03-19,843.5,464839.2,50142.8,0.0
Norway,2024-03-20,959.7,515920.9,24264.4,0.0
Norway,2024-03-21,953.4,499192.3,45238.0,0.0
Norway,2024-03-22,1020.7,361295.2,62845.4,0.0
Norway,2024-03-23,955.7,279363.9,45449.1,0.0
Norway,2024-03-24,1022.0,322553.4,21612.4,0.0
Norway,2024-03-25,1055.3,522913.4,6912.4,0.0
Norway,2024-03-26,1097.6,497284.0,33196.0,0.0
Norway,2024-03-27,1039.0,420433.4,60196.1,0.0
Norway,2024-03-28,1091.1,350588.0,31457.1,0.0
Norway,2024-03-29,1167.5,253880.6,64465.0,0.0
Norway,2024-03-30,943.1,358081.0,34889.1,0.0
Norway,2024-03-31,1008.5,341387.5,13794.3,0.0
Norway,2024-04-01,1278.0,298151.5,28022.2,0.0
Norway,2024-04-02,1074.9,318715.3,35724.4,0.0
Norway,2024-04-03,967.2,461648.3,31837.6,0.0
Norway,2024-04-04,982.0,430639.3,62415.200000000004,0.0
Norway,2024-04-05,927.2,373963.4,41324.9,0.0
Norway,2024-04-06,697.2,316578.5,37592.1,0.0
Norway,2024-04-07,878.7,219631.3,67378.7,0.0
Norway,2024-04-08,1075.9,375397.5,45457.4,0.0
Norway,2024-04-09,923.9,385087.0,38489.4,0.0
Norway,2024-04-10,820.6,274969.9,74700.4,0.0
Norway,2024-04-11,820.9,310298.8,56198.0,0.0
Norway,2024-04-12,866.6,331749.5,53948.0,0.0
Norway,2024-04-13,658.4,262601.9,59190.7,0.0
Norway,2024-04-14,706.4,269666.3,46810.9,0.0
Norway,2024-04-15,843.2,355859.0,27688.3,0.0
Norway,2024-04-16,783.5,377309.9,18791.6,0.0
Norway,2024-04-17,671.0,450335.5,16503.1,0.0
Norway,2024-04-18,618.9,453349.2,27634.7,0.0
Norway,2024-04-19,626.3,362600.8,44264.0,0.0
Norway,2024-04-20,634.1,340460.6,37094.2,0.0
Norway,2024-04-21,681.1,369674.8,16902.2,0.0
Norway,2024-04-22,813.6,462198.3,27708.3,0.0
Norway,2024-04-23,692.6,448259.9,32054.5,0.0
Norway,2024-04-24,656.1,463088.3,16792.9,0.0
Norway,2024-04-25,709.8,469247.7,16440.7,0.0
Norway,2024-04-26,735.1,450581.60000000003,20497.4,0.0
Norway,2024-04-27,803.4,406068.5,9917.8,0.0
Norway,2024-04-28,807.3,277772.7,43095.0,0.0
Norway,2024-04-29,869.4,350728.89999999997,68362.5,0.0
Norway,2024-04-30,749.2,348346.4,36189.3,0.0
Norway,2024-05-01,761.8,270876.3,42793.3,0.0
Norway,2024-05-02,656.1,275169.4,27563.2,0.0
Norway,2024-05-03,864.9,348674.10000000003,28901.2,0.0
Norway,2024-05-04,1136.3,342240.0,15526.4,0.0
Norway,2024-05-05,1203.9,318535.89999999997,13226.8,0.0
Norway,2024-05-06,1228.9,424369.0,28922.9,0.0
Norway,2024-05-07,1164.7,425417.7,24820.7,12.7
Norway,2024-05-08,1134.9,444924.80000000005,21715.5,11.6
Norway,2024-05-09,1267.2,361402.8,40915.0,22.9
Norway,2024-05-10,1165.7,343561.0,16567.5,25.2
Norway,2024-05-11,1203.6,319455.8,17262.9,28.8
Norway,2024-05-12,1216.4,286535.2,13843.5,38.6
Norway,2024-05-13,1143.7,340590.1,33728.2,33.5
Norway,2024-05-14,1132.9,299735.1,39605.6,43.9
Norway,2024-05-15,1064.8,307261.6,37290.2,39.0
Norway,2024-05-16,904.0,303241.2,27463.8,39.0
Norway,2024-05-17,1172.9,300922.6,25941.0,41.2
Norway,2024-05-18,1121.6,322009.8,22395.9,34.5
Norway,2024-05-19,1151.5,316794.7,24748.100000000002,38.4
Norway,2024-05-20,1026.5,335085.2,15867.1,30.7
Norway,2024-05-21,982.5,348493.8,16908.3,34.3
Norway,2024-05-22,969.3,302792.8,35409.1,36.4
Norway,2024-05-23,928.8,327513.8,39862.3,29.7
Norway,2024-05-24,946.3,386036.9,13838.1,31.3
Norway,2024-05-25,869.6,344711.3,10974.0,21.8
Norway,2024-05-26,873.5,299309.9,24408.6,32.6
Norway,2024-05-27,1009.2,366810.8,22424.6,22.5
Norway,2024-05-28,953.8,380112.0,12790.1,29.4
Norway,2024-05-29,806.9,339520.1,30879.0,26.5
Norway,2024-05-30,950.3,386016.2,15263.0,7.3
Norway,2024-05-31,966.0,389762.1,7472.2,16.8
Norway,2024-06-01,922.9,333616.0,12233.5,26.7
Norway,2024-06-02,887.1,263984.0,27565.1,26.1
Norway,2024-06-03,911.0,350320.0,46767.7,28.9
Norway,2024-06-04,962.7,352471.4,54383.2,21.7
Norway,2024-06-05,789.3,311301.6,39222.9,18.1
Norway,2024-06-06,679.4,356482.0,24292.0,22.4
Norway,2024-06-07,770.7,365244.9,18393.0,19.900000000000002
Norway,2024-06-08,868.7,278303.0,31712.7,9.7
Norway,2024-06-09,816.4,226521.7,41227.5,20.9
Norway,2024-06-10,847.6,346621.4,41294.8,13.5
Norway,2024-06-11,715.6,349180.8,37055.8,15.1
Norway,2024-06-12,707.7,381602.8,25250.8,22.3
Norway,2024-06-13,633.9,407664.4,12782.4,22.1
Norway,2024-06-14,636.9,419390.0,20118.1,20.2
Norway,2024-06-15,767.4,265280.3,31154.1,4.8
Norway,2024-06-16,737.9,258073.7,32281.7,15.9
Norway,2024-06-17,773.2,404959.8,30801.7,10.8
Norway,2024-06-18,833.1,401392.5,17573.5,18.9
Norway,2024-06-19,745.6,332147.4,52350.2,22.1
Norway,2024-06-20,855.7,351518.9,49588.5,18.4
Norway,2024-06-21,883.2,371936.1,16831.7,19.5
Norway,2024-06-22,734.9,323936.7,8415.6,4.2
Norway,2024-06-23,739.7,301001.1,33927.0,10.8
Norway,2024-06-24,661.0,353087.2,30580.3,14.6
Norway,2024-06-25,706.0,312970.5,21936.4,18.0
Norway,2024-06-26,888.1,353610.6,6151.0,16.5
Norway,2024-06-27,848.8,327920.6,34866.4,7.1000000000000005
Norway,2024-06-28,865.7,283117.8,48859.3,9.700000000000001
Norway,2024-06-29,794.1,281771.9,43770.8,0.0
Norway,2024-06-30,883.5,310813.7,27257.4,0.0
Norway,2024-07-01,903.8,398003.5,23724.4,0.0
Norway,2024-07-02,931.9,369760.0,27764.7,0.1
Norway,2024-07-03,1013.9,397071.3,15351.5,5.4
Norway,2024-07-04,961.4,253383.2,31472.2,3.3000000000000003
Norway,2024-07-05,1056.6,261905.7,20523.1,0.0
Norway,2024-07-06,1070.7,233849.30000000002,11312.5,3.6999999999999997
Norway,2024-07-07,970.2,228241.2,25413.3,0.0
Norway,2024-07-08,983.8,359250.4,16312.3,0.3
Norway,2024-07-09,1045.1,359775.5,8796.7,3.6
Norway,2024-07-10,991.6,353527.3,38741.6,5.5
Norway,2024-07-11,1008.2,380928.6,23895.5,6.3
Norway,2024-07-12,1014.9,379242.6,6695.6,4.9
Norway,2024-07-13,1067.2,296192.0,13699.1,15.700000000000001
Norway,2024-07-14,904.0,262946.3,15223.7,32.7
Norway,2024-07-15,944.6,335470.9,24451.4,0.0
Norway,2024-07-16,1040.8,343558.4,10794.6,17.7
Norway,2024-07-17,1112.1,338257.3,17218.0,0.0
Norway,2024-07-18,1041.9,340608.1,25705.5,5.2
Norway,2024-07-19,1168.5,355954.1,9239.7,24.8
Norway,2024-07-20,1283.2,310101.9,13611.7,4.6
Norway,2024-07-21,1152.7,281775.1,48577.9,7.6000000000000005
Norway,2024-07-22,1189.6,337533.6,19604.1,2.7
Norway,2024-07-23,1228.3,356192.8,17205.2,10.0
Norway,2024-07-24,1159.9,311312.6,19891.5,5.6000000000000005
Norway,2024-07-25,1123.3,336551.1,15674.6,6.5
Norway,2024-07-26,1122.9,332529.2,33989.1,7.0
Norway,2024-07-27,1193.5,331898.3,9473.7,0.0
Norway,2024-07-28,1160.6,256069.5,25614.5,6.9
Norway,2024-07-29,1191.2,299289.1,9902.1,12.9
Norway,2024-07-30,1368.1,311418.8,16957.9,21.2
Norway,2024-07-31,1467.7,305820.9,33512.6,12.3
Norway,2024-08-01,1292.1,332725.7,16299.5,17.5
Norway,2024-08-02,1267.9,344566.7,6978.4,16.8
Norway,2024-08-03,1330.2,287535.0,10718.0,4.6
Norway,2024-08-04,1194.1,268138.8,19282.3,3.3000000000000003
Norway,2024-08-05,1082.6,340312.5,12976.3,0.2
Norway,2024-08-06,1095.9,324525.9,33722.0,1.7999999999999998
Norway,2024-08-07,988.7,318124.6,45568.5,9.6
Norway,2024-08-08,1065.6,320668.2,37572.9,9.2
Norway,2024-08-09,1011.2,200246.7,50128.6,8.9
Norway,2024-08-10,996.5,203382.2,57333.6,14.1
Norway,2024-08-11,779.1,242972.8,43473.2,9.4
Norway,2024-08-12,882.2,305680.1,22921.9,11.8
Norway,2024-08-13,949.2,345888.7,47063.8,13.1
Norway,2024-08-14,920.6,347513.5,30438.0,11.4
Norway,2024-08-15,794.9,306834.8,32016.0,30.7
Norway,2024-08-16,421.9,321163.8,37985.7,29.7
Norway,2024-08-17,231.6,333803.7,38847.7,7.6
Norway,2024-08-18,238.9,332456.2,40235.4,7.3
Norway,2024-08-19,220.9,348755.6,43352.8,5.5
Norway,2024-08-20,388.1,316252.1,61451.200000000004,5.9
Norway,2024-08-21,429.6,302339.5,24097.0,3.0
Norway,2024-08-22,474.40000000000003,264333.5,58470.1,0.8
Norway,2024-08-23,562.9,264431.8,32621.7,12.7
Norway,2024-08-24,581.1,293971.0,42295.6,23.9
Norway,2024-08-25,375.9,241690.7,40407.7,19.5
Norway,2024-08-26,525.2,309964.5,53773.2,20.9
Norway,2024-08-27,554.2,341932.2,48561.0,36.3
Norway,2024-08-28,592.6,347078.9,39127.6,27.099999999999998
Norway,2024-08-29,614.2,358441.0,48298.7,24.0
Norway,2024-08-30,632.1,386384.10000000003,25766.3,14.0
Norway,2024-08-31,509.0,330502.5,25639.4,1.2
Norway,2024-09-01,358.2,344517.9,9601.6,8.1
Norway,2024-09-02,517.5,366939.1,41597.6,2.1
Norway,2024-09-03,607.1,349595.0,66236.1,0.0
Norway,2024-09-04,640.9,362227.2,25225.399999999998,6.6
Norway,2024-09-05,844.4,323704.9,22568.2,17.3
Norway,2024-09-06,868.6,333271.8,21900.5,0.8
Norway,2024-09-07,886.3,338373.8,20000.6,16.8
Norway,2024-09-08,674.5,308471.7,38666.4,0.8
Norway,2024-09-09,789.6,335445.8,43840.0,0.0
Norway,2024-09-10,719.9,279498.6,42878.8,21.8
Norway,2024-09-11,671.8,329640.0,70902.0,22.6
Norway,2024-09-12,805.4,359342.5,55897.1,17.7
Norway,2024-09-13,911.3,392735.0,43796.2,20.7
Norway,2024-09-14,740.2,335188.6,30900.7,12.8
Norway,2024-09-15,669.6,338349.7,30699.7,8.700000000000001
Norway,2024-09-16,677.6,411973.0,14612.0,7.5
Norway,2024-09-17,829.3,381331.3,28854.100000000002,20.1
Norway,2024-09-18,921.6,336256.8,32712.1,1.4
Norway,2024-09-19,837.1,330486.0,31651.9,19.400000000000002
Norway,2024-09-20,860.6,347437.5,15453.0,16.4
Norway,2024-09-21,940.0,341199.2,13840.1,9.4
Norway,2024-09-22,687.9,376850.0,7456.7,3.9
Norway,2024-09-23,742.0,406763.3,13262.4,4.0
Norway,2024-09-24,904.6,390249.5,18467.0,0.0
Norway,2024-09-25,893.5,330753.8,35020.1,0.8
Norway,2024-09-26,873.5,366936.2,18667.4,2.1
Norway,2024-09-27,795.9,295351.6,21359.6,6.1
Norway,2024-09-28,293.3,279176.8,40626.3,6.8
Norway,2024-09-29,353.4,322593.6,32320.4,6.6
Norway,2024-09-30,449.7,289160.3,54504.2,7.5
Norway,2024-10-01,740.9,340616.0,38286.0,3.1000000000000005
Norway,2024-10-02,768.2,430880.0,17932.4,8.7
Norway,2024-10-03,676.3,416612.8,34628.3,8.5
Norway,2024-10-04,641.9,446845.1,17215.4,7.2
Norway,2024-10-05,652.1,436469.60000000003,23091.1,7.4
Norway,2024-10-06,640.2,375704.1,23839.3,1.9000000000000001
Norway,2024-10-07,805.7,403039.10000000003,44016.0,0.0
Norway,2024-10-08,607.6,395762.6,39011.9,0.8
Norway,2024-10-09,788.2,357763.6,48600.3,3.5
Norway,2024-10-10,696.5,337481.0,47853.8,1.3
Norway,2024-10-11,714.4,360810.7,40104.8,8.3
Norway,2024-10-12,874.0,302966.1,63982.0,5.6000000000000005
Norway,2024-10-13,883.2,255630.7,41828.9,1.3
Norway,2024-10-14,639.2,412891.8,23105.1,14.9
Norway,2024-10-15,497.7,414660.3,32685.6,17.1
Norway,2024-10-16,564.3,250033.6,62713.0,3.3
Norway,2024-10-17,726.8,264953.6,67481.3,0.6
Norway,2024-10-18,729.9,362407.3,38174.2,0.8
Norway,2024-10-19,719.7,318582.3,44808.4,0.5
Norway,2024-10-20,811.6,252067.1,46895.0,5.699999999999999
Norway,2024-10-21,806.7,258845.5,64950.0,14.6
Norway,2024-10-22,763.5,321190.6,66688.6,2.9
Norway,2024-10-23,792.4,329264.0,53562.6,3.5999999999999996
Norway,2024-10-24,908.8,345688.8,52054.1,2.7
Norway,2024-10-25,1039.0,381750.5,44575.9,4.3
Norway,2024-10-26,1069.5,397308.7,49707.5,0.0
Norway,2024-10-27,1073.2,344696.0,53191.2,2.2
Norway,2024-10-28,938.7,399251.4,37290.8,10.3
Norway,2024-10-29,792.4,422741.9,53206.4,12.2
Norway,2024-10-30,797.5,377565.7,62887.8,4.9
Norway,2024-10-31,1047.3,397063.9,51570.9,0.7
Norway,2024-11-01,848.9,361178.1,69220.7,2.8
Norway,2024-11-02,688.3,427453.9,50049.1,2.5999999999999996
Norway,2024-11-03,652.7,381254.0,55110.1,1.7
Norway,2024-11-04,704.0,457836.2,26103.4,1.0
Norway,2024-11-05,984.0,429965.7,23007.8,0.0
Norway,2024-11-06,877.8,450756.9,22940.8,0.0
Norway,2024-11-07,918.4,451856.9,28207.6,0.0
Norway,2024-11-08,898.8,436794.3,43930.5,0.0
Norway,2024-11-09,900.8,458864.7,25860.4,0.0
Norway,2024-11-10,880.7,484528.5,18745.8,0.0
Norway,2024-11-11,788.2,501901.3,28004.1,0.0
Norway,2024-11-12,756.5,455711.9,52851.2,0.0
Norway,2024-11-13,761.3,430256.8,70430.4,0.0
Norway,2024-11-14,739.3,425255.60000000003,75457.8,0.0
Norway,2024-11-15,706.6,404791.8,69882.5,0.0
Norway,2024-11-16,757.3,327670.8,75600.5,0.0
Norway,2024-11-17,757.9,347634.0,59905.8,0.9
Norway,2024-11-18,735.1,487922.3,31913.7,1.4000000000000001
Norway,2024-11-19,763.5,546801.0,21487.9,0.9
Norway,2024-11-20,755.9,505784.7,34511.1,0.7000000000000001
Norway,2024-11-21,742.9,498455.8,30787.6,1.0
Norway,2024-11-22,761.1,542179.0,30194.4,1.1
Norway,2024-11-23,746.1,459003.6,42946.7,1.1
Norway,2024-11-24,755.9,237820.2,70052.3,0.0
Norway,2024-11-25,750.2,302334.1,62699.700000000004,0.4
Norway,2024-11-26,767.9,381902.2,45143.3,0.6000000000000001
Norway,2024-11-27,738.7,518675.7,20909.7,0.6000000000000001
Norway,2024-11-28,728.9,507644.3,35606.1,0.8
Norway,2024-11-29,705.8,485408.0,54223.7,0.0
Norway,2024-11-30,738.3,398454.60000000003,58565.1,0.30000000000000004
Norway,2024-12-01,749.8,376656.5,68213.1,0.0
Norway,2024-12-02,801.1,424758.2,55053.6,0.8999999999999999
Norway,2024-12-03,737.8,496665.9,40079.2,0.6000000000000001
Norway,2024-12-04,731.3,517064.0,66181.6,0.6000000000000001
Norway,2024-12-05,692.0,482732.5,85056.1,0.0
Norway,2024-12-06,764.4,458295.0,59628.6,0.0
Norway,2024-12-07,769.2,472762.9,46275.6,0.0
Norway,2024-12-08,760.7,462094.6,45598.2,0.5
Norway,2024-12-09,732.1,473216.3,40511.2,0.6000000000000001
Norway,2024-12-10,793.5,518400.80000000005,67925.6,0.6000000000000001
Norway,2024-12-11,814.6,538520.5,45644.1,0.4
Norway,2024-12-12,813.6,565663.0,24877.7,0.30000000000000004
Norway,2024-12-13,822.1,512848.5,56786.3,0.1
Norway,2024-12-14,886.8,443944.3,51207.0,0.5
Norway,2024-12-15,936.3,381354.4,72441.0,0.0
Norway,2024-12-16,940.3,325799.4,82354.7,0.30000000000000004
Norway,2024-12-17,870.6,491555.5,49188.3,1.5
Norway,2024-12-18,809.7,400444.8,75632.2,0.0
Norway,2024-12-19,671.8,423139.2,65367.5,2.3
Norway,2024-12-20,751.3,480298.7,51191.6,4.0
Norway,2024-12-21,886.9,376286.5,62476.3,1.0
Norway,2024-12-22,921.7,391627.7,62792.4,1.4
Norway,2024-12-23,821.8,503897.8,41038.7,1.7000000000000002
Norway,2024-12-24,727.0,489365.6,62576.8,1.2
Norway,2024-12-25,790.2,383484.5,48806.6,1.4
Norway,2024-12-26,844.8,384002.4,55654.1,1.7000000000000002
Norway,2024-12-27,631.4,461717.3,47785.1,1.6
Norway,2024-12-28,676.4,410698.8,56676.1,1.1
Norway,2024-12-29,882.5,334686.1,72542.9,1.4000000000000001
Norway,2024-12-30,882.4,388852.0,51237.2,2.3
Norway,2024-12-31,927.1,430452.9,39479.6,1.9
Norway,2025-01-01,531.7,319912.9,28629.0,1.2
Norway,2025-01-02,508.3,505024.2,61585.8,2.4
Norway,2025-01-03,520.0,548516.1,55632.9,0.8
Norway,2025-01-04,442.7,588457.3,33236.3,0.7000000000000001
Norway,2025-01-05,470.2,601663.9,28682.0,1.1
Norway,2025-01-06,464.3,466047.1,55190.9,0.0
Norway,2025-01-07,450.9,452302.5,62582.0,1.6
Norway,2025-01-08,542.9,538819.5,42213.5,1.6
Norway,2025-01-09,557.1,610494.1,16219.8,1.6
Norway,2025-01-10,452.3,607779.4,19563.3,0.0
Norway,2025-01-11,463.8,497932.2,30128.1,0.0
Norway,2025-01-12,474.2,542830.4,44679.5,0.2
Norway,2025-01-13,400.6,489046.7,74017.3,0.0
Norway,2025-01-14,389.3,413110.9,58946.1,0.0
Norway,2025-01-15,456.0,496009.3,54792.4,0.0
Norway,2025-01-16,504.0,445547.1,58528.2,0.0
Norway,2025-01-17,489.7,423990.2,54891.2,0.0
Norway,2025-01-18,437.6,468082.0,45750.7,0.30000000000000004
Norway,2025-01-19,473.3,502950.4,33778.1,0.30000000000000004
Norway,2025-01-20,466.3,546286.6,38004.6,0.3
Norway,2025-01-21,485.7,569330.4,38026.6,0.6
Norway,2025-01-22,456.7,589511.4,13170.6,1.2999999999999998
Norway,2025-01-23,559.5,585421.4,32880.7,2.5
Norway,2025-01-24,541.7,489354.8,71353.2,2.3
Norway,2025-01-25,497.0,393308.9,84543.7,0.5
Norway,2025-01-26,487.09999999999997,475675.2,69344.3,0.4
Norway,2025-01-27,412.3,461908.60000000003,67092.7,0.3
Norway,2025-01-28,414.9,506441.3,39701.2,1.8
Norway,2025-01-29,546.5,515373.2,53303.1,2.5
Norway,2025-01-30,566.8,521016.2,15197.6,2.1
Norway,2025-01-31,531.5,541891.9,25604.1,3.9
Norway,2025-02-01,519.0,541232.1,22985.4,3.7
Norway,2025-02-02,584.5,532999.0,64594.1,3.1999999999999997
Norway,2025-02-03,615.5,539222.3,71159.6,2.1
Norway,2025-02-04,492.0,532043.6,67906.4,2.0
Norway,2025-02-05,428.1,436843.8,66006.3,4.2
Norway,2025-02-06,422.3,516691.1,54174.7,4.8
Norway,2025-02-07,404.0,514096.4,35615.0,5.7
Norway,2025-02-08,452.6,466790.4,56906.3,3.6
Norway,2025-02-09,498.2,518456.7,48955.7,6.6
Norway,2025-02-10,451.0,509103.6,43541.4,8.8
Norway,2025-02-11,415.5,483166.8,40433.5,6.9
Norway,2025-02-12,487.9,555889.5,18488.9,9.8
Norway,2025-02-13,494.8,588157.1,14474.4,5.9
Norway,2025-02-14,537.4,577025.5,12770.0,7.5
Norway,2025-02-15,469.0,563848.5,33806.0,8.7
Norway,2025-02-16,491.9,570997.4,21780.9,9.9
Norway,2025-02-17,522.4,575317.2,21737.8,10.8
Norway,2025-02-18,482.4,566692.9,16534.1,12.1
Norway,2025-02-19,462.7,564019.5,38988.3,9.6
Norway,2025-02-20,463.5,495170.4,72795.2,5.3
Norway,2025-02-21,481.0,474987.4,70606.3,7.2
Norway,2025-02-22,459.3,396581.4,61041.0,3.3
Norway,2025-02-23,527.7,433753.5,61889.9,9.700000000000001
Norway,2025-02-24,455.0,362730.0,71438.7,4.0
Norway,2025-02-25,415.1,504321.3,36176.9,12.6
Norway,2025-02-26,442.3,532449.4,30494.4,14.6
Norway,2025-02-27,396.8,549612.5,25789.2,23.7
Norway,2025-02-28,463.1,556863.3,37827.3,25.8
Norway,2025-03-01,416.1,479548.5,61011.7,21.2
Norway,2025-03-02,462.9,383234.6,69171.8,23.8
Norway,2025-03-03,350.4,378722.3,81534.6,27.400000000000002
Norway,2025-03-04,409.0,371624.9,70129.2,23.8
Norway,2025-03-05,464.7,330382.3,67094.8,24.9
Norway,2025-03-06,409.3,384476.9,34849.4,30.1
Norway,2025-03-07,427.1,422001.6,44425.5,28.0
Norway,2025-03-08,495.1,422028.8,31611.8,26.2
Norway,2025-03-09,517.4,446936.1,20868.6,23.400000000000002
Norway,2025-03-10,460.8,521999.4,17481.5,20.8
Norway,2025-03-11,461.1,544802.5,15208.8,23.2
Norway,2025-03-12,474.8,567015.2,12554.9,24.3
Norway,2025-03-13,482.0,566050.4,17684.1,37.2
Norway,2025-03-14,442.9,547397.2000000001,27725.3,36.2
Norway,2025-03-15,469.6,476795.3,65397.1,28.1
Norway,2025-03-16,498.5,421133.2,57032.1,42.4
Norway,2025-03-17,502.90000000000003,469134.1,53216.6,32.8
Norway,2025-03-18,473.7,418538.6,65258.3,41.7
Norway,2025-03-19,476.8,440334.2,45717.2,48.4
Norway,2025-03-20,462.7,462655.4,28050.9,42.4
Norway,2025-03-21,495.6,410022.2,48165.2,41.2
Norway,2025-03-22,479.0,260406.8,71235.5,36.2
Norway,2025-03-23,519.2,312030.6,70024.7,43.0
Norway,2025-03-24,476.0,446344.1,61711.9,39.9
Norway,2025-03-25,445.4,459079.9,36133.8,26.8
Norway,2025-03-26,425.6,450695.4,47178.8,41.5
Norway,2025-03-27,424.8,405236.6,55768.6,44.4
Norway,2025-03-28,443.5,367475.6,56448.7,43.1
Norway,2025-03-29,373.1,378259.1,46907.3,31.8
Norway,2025-03-30,388.9,308031.5,22292.7,33.4
Norway,2025-03-31,363.2,442331.9,21793.5,34.3
Norway,2025-04-01,356.9,416723.3,52178.6,55.3
Norway,2025-04-02,348.6,394291.8,42087.2,50.2
Norway,2025-04-03,406.3,377344.0,56684.9,59.6
Norway,2025-04-04,497.4,376502.8,53127.1,57.4
Norway,2025-04-05,531.2,359172.8,28777.0,34.4
Norway,2025-04-06,527.4,373796.0,33167.8,52.5
Norway,2025-04-07,632.1,421731.5,12808.0,47.2
Norway,2025-04-08,613.2,417213.3,30292.7,61.3
Norway,2025-04-09,687.7,375219.1,50662.9,61.9
Norway,2025-04-10,680.2,380220.3,52881.1,50.3
Norway,2025-04-11,749.2,363575.1,35356.7,57.6
Norway,2025-04-12,811.0,355279.9,43539.6,56.5
Norway,2025-04-13,900.3,316833.2,42458.0,53.0
Norway,2025-04-14,721.8,393777.2,37965.9,54.1
Norway,2025-04-15,760.3,356348.3,40594.8,57.5
Norway,2025-04-16,648.4,373626.8,50578.3,49.8
Norway,2025-04-17,778.1,393739.8,18338.1,52.3
Norway,2025-04-18,824.6,394956.0,21087.2,66.4
Norway,2025-04-19,698.6,366571.2,18971.9,54.4
Norway,2025-04-20,654.6,363301.2,22536.9,66.4
Norway,2025-04-21,614.9,418261.6,10054.2,52.6
Norway,2025-04-22,523.4,455838.9,8117.3,40.0
Norway,2025-04-23,544.7,452760.0,12330.2,64.1
Norway,2025-04-24,587.4,447061.8,17626.7,65.1
Norway,2025-04-25,579.3,449264.8,17931.7,64.5
Norway,2025-04-26,632.8,382382.89999999997,8442.9,56.5
Norway,2025-04-27,688.1,350510.5,20257.8,56.8
Norway,2025-04-28,645.5,365744.6,40415.5,52.1
Norway,2025-04-29,595.4,370347.5,33202.4,57.2
Norway,2025-04-30,607.6,380161.10000000003,28282.0,54.1
Norway,2025-05-01,663.7,361193.1,23056.2,50.0
Norway,2025-05-02,655.8,327617.8,42832.3,62.199999999999996
Norway,2025-05-03,757.4,346379.5,34031.5,45.7
Norway,2025-05-04,756.7,296019.3,31414.6,56.1
Norway,2025-05-05,665.6,388842.0,49115.9,46.4
Norway,2025-05-06,677.4,379069.7,25613.7,46.8
Norway,2025-05-07,671.8,393095.6,9203.8,51.300000000000004
Norway,2025-05-08,686.3,381525.2,15786.5,43.8
Norway,2025-05-09,711.1,378732.6,19839.5,43.4
Norway,2025-05-10,776.8,350258.1,16543.1,46.3
Norway,2025-05-11,795.8,318953.7,20920.4,53.3
Norway,2025-05-12,620.7,340102.0,19357.1,52.6
Norway,2025-05-13,568.9,343139.9,36452.9,49.3
Norway,2025-05-14,654.6,323425.9,36507.7,43.6
Norway,2025-05-15,552.4,309543.2,30728.8,52.5
Norway,2025-05-16,575.1,324463.4,28041.3,50.5
Norway,2025-05-17,635.2,297596.5,17890.2,60.2
Norway,2025-05-18,650.9,301989.5,14772.7,62.5
Norway,2025-05-19,598.2,350791.5,27957.5,59.9
Norway,2025-05-20,564.1,350539.2,33950.3,53.1
Norway,2025-05-21,473.3,308668.6,40015.7,46.3
Norway,2025-05-22,254.2,294910.5,33779.3,39.8
Norway,2025-05-23,244.2,360424.5,25023.7,37.6
Norway,2025-05-24,399.9,313967.1,48600.9,44.8
Norway,2025-05-25,566.6,242705.9,55995.0,52.0
Norway,2025-05-26,579.5,299592.2,38551.6,65.3
Norway,2025-05-27,553.9,322941.4,43794.5,71.6
Norway,2025-05-28,579.9,389577.1,31809.8,76.3
Norway,2025-05-29,703.5,307541.2,33909.8,55.6
Norway,2025-05-30,684.7,291828.1,30960.5,53.5
Norway,2025-05-31,672.3,314110.3,15666.5,52.4
Norway,2025-06-01,667.0,289746.6,34365.7,37.9
Norway,2025-06-02,711.9,346242.2,45053.4,28.3
Norway,2025-06-03,772.0,316284.1,50375.4,35.8
Norway,2025-06-04,771.0,305875.2,43806.6,21.3
Norway,2025-06-05,767.9,356623.0,35502.1,32.9
Norway,2025-06-06,832.9,313567.2,15622.2,30.5
Norway,2025-06-07,880.9,319360.7,13457.8,21.1
Norway,2025-06-08,788.5,263342.2,16739.1,6.1
Norway,2025-06-09,862.5,288406.6,19668.5,20.9
Norway,2025-06-10,774.3000000000001,340412.4,13293.199999999999,19.2
Norway,2025-06-11,875.1,368053.4,19595.2,36.6
Norway,2025-06-12,931.0,331606.5,8329.8,42.6
Norway,2025-06-13,1050.3,315027.6,40937.0,40.5
Norway,2025-06-14,1098.1,295258.0,35329.4,21.8
Norway,2025-06-15,958.3,339989.8,20195.7,6.0
Norway,2025-06-16,1111.3,342733.0,36328.9,13.2
Norway,2025-06-17,1143.2,320057.0,32677.4,6.8
Norway,2025-06-18,1154.0,335171.9,35663.3,23.3
Norway,2025-06-19,1207.2,307343.1,37791.2,30.8
Norway,2025-06-20,1149.2,347971.7,16727.1,28.2
Norway,2025-06-21,1251.5,328926.4,16211.8,23.1
Norway,2025-06-22,1183.1,294890.7,24320.2,10.9
Norway,2025-06-23,1358.8,278080.3,21723.8,15.3
Norway,2025-06-24,1504.7,298475.0,26705.4,41.0
Norway,2025-06-25,1523.5,351004.0,16547.8,38.5
Norway,2025-06-26,1500.6,388926.4,13522.9,34.2
Norway,2025-06-27,1323.3,322526.1,26618.2,26.7
Norway,2025-06-28,1380.2,266763.8,33125.7,7.0
Norway,2025-06-29,1314.7,270747.6,47163.4,9.4
Norway,2025-06-30,1324.8,362705.3,16825.8,21.1
Norway,2025-07-01,1104.7,383644.4,27951.5,16.4
Norway,2025-07-02,1170.6,396652.5,11306.8,27.3
Norway,2025-07-03,1227.0,321130.6,28317.2,51.4
Norway,2025-07-04,1310.5,336913.8,14657.8,39.5
Norway,2025-07-05,1376.5,278520.0,17908.1,2.8000000000000003
Norway,2025-07-06,1262.5,349405.0,10457.4,7.3
Norway,2025-07-07,1274.6,368809.4,13295.2,40.6
Norway,2025-07-08,1324.5,379890.9,8456.6,64.7
Norway,2025-07-09,1290.0,393796.3,10186.3,57.1
Norway,2025-07-10,1280.8,359444.2,14119.2,65.2
Norway,2025-07-11,1272.5,341849.7,12417.1,62.6
Norway,2025-07-12,1303.4,313233.6,11509.2,65.1
Norway,2025-07-13,1220.2,282757.3,10975.6,49.7
Norway,2025-07-14,1330.8,343400.0,8013.3,51.5
Norway,2025-07-15,1325.3,352349.5,11330.0,29.9
Norway,2025-07-16,1163.7,374167.3,9271.7,61.800000000000004
Norway,2025-07-17,969.5,360211.7,8591.6,67.1
Norway,2025-07-18,1067.5,386511.0,7375.0,63.4
Norway,2025-07-19,1111.3,331599.8,2759.6,62.1
Norway,2025-07-20,1072.4,322193.39999999997,13731.8,60.6
Norway,2025-07-21,1096.4,369027.0,30695.5,59.2
Norway,2025-07-22,1164.3,348232.1,14873.9,53.4
Norway,2025-07-23,1090.9,352623.8,8936.6,51.1
Norway,2025-07-24,1133.0,390777.3,8405.1,53.6
Norway,2025-07-25,1198.6,367941.5,17764.8,55.699999999999996
Norway,2025-07-26,1372.1,319483.8,15808.9,47.1
Norway,2025-07-27,1342.1,321139.6,12047.5,30.8
Norway,2025-07-28,1366.7,345007.1,15194.5,47.4
Norway,2025-07-29,1271.1,292629.6,34965.5,13.700000000000001
Norway,2025-07-30,1131.3,313578.5,15307.3,37.6
Norway,2025-07-31,1116.2,356274.6,5594.7,3.2
Norway,2025-08-01,1117.5,363866.2,16574.5,44.6
Norway,2025-08-02,1195.1,318111.9,15048.1,16.7
Norway,2025-08-03,1054.4,270310.1,19718.7,49.7
Norway,2025-08-04,999.4,320767.4,37467.3,29.4
Norway,2025-08-05,1071.4,241043.5,57630.4,29.1
Norway,2025-08-06,1066.7,275445.3,50766.8,25.8
Norway,2025-08-07,752.8,312187.7,39152.4,17.5
Norway,2025-08-08,931.3,337564.7,32727.0,45.4
Norway,2025-08-09,1016.4,281999.0,35200.0,39.3
Norway,2025-08-10,637.8,281080.2,34542.4,16.4
Norway,2025-08-11,528.1,341048.6,26362.1,14.8
Norway,2025-08-12,564.1,350935.4,15513.1,47.1
Norway,2025-08-13,612.3,358320.9,18331.7,47.4
Norway,2025-08-14,602.1,369844.3,31704.0,50.7
Norway,2025-08-15,808.6,318820.9,45677.8,42.2
Norway,2025-08-16,1046.6,272285.9,56533.4,47.9
Norway,2025-08-17,1014.2,301243.9,23862.7,47.1
Norway,2025-08-18,1034.8,351989.3,33050.8,51.9
Norway,2025-08-19,990.6,317310.5,47227.2,45.800000000000004
Norway,2025-08-20,815.2,339857.0,27121.9,45.5
Norway,2025-08-21,578.1,346899.7,32538.4,43.6
Norway,2025-08-22,615.5,333916.4,36359.4,41.1
Norway,2025-08-23,879.4,289084.3,42457.7,41.4
Norway,2025-08-24,562.7,285241.10000000003,38062.4,40.1
Norway,2025-08-25,559.1,324159.6,13853.4,44.9
Norway,2025-08-26,624.2,337158.5,9751.1,48.4
Norway,2025-08-27,903.4,342011.0,18718.5,30.5
Norway,2025-08-28,914.3,378750.3,15823.8,32.1
Norway,2025-08-29,909.6,331410.7,34643.7,21.4
Norway,2025-08-30,1028.2,292538.4,46194.6,32.2
Norway,2025-08-31,1002.6,279826.1,41957.1,27.2
Norway,2025-09-01,1021.4,336354.2,39856.0,23.5
Norway,2025-09-02,1090.0,340754.1,47924.5,30.4
Norway,2025-09-03,1061.7,289111.1,42256.5,21.8
Norway,2025-09-04,810.3,295122.7,59645.4,19.7
Norway,2025-09-05,564.5,398014.8,19610.6,8.8
Norway,2025-09-06,588.9,363261.6,5832.4,12.3
Norway,2025-09-07,610.4,299530.9,20781.2,28.0
Norway,2025-09-08,609.5,385690.0,43503.200000000004,23.9
Norway,2025-09-09,516.3,409401.10000000003,19084.9,20.1
Norway,2025-09-10,484.5,355334.6,53086.3,21.8
Norway,2025-09-11,502.2,278992.5,68749.90000000001,9.0
Norway,2025-09-12,558.4,270015.5,53925.8,15.0
Norway,2025-09-13,492.9,294055.8,34347.0,19.0
Norway,2025-09-14,492.6,327304.0,30427.0,9.3
Norway,2025-09-15,501.9,249609.1,38912.9,17.5
Norway,2025-09-16,476.6,268906.3,18681.0,18.3
Norway,2025-09-17,474.0,334516.1,26051.8,22.9
Norway,2025-09-18,463.7,327854.2,26343.5,24.0
Norway,2025-09-19,529.7,352484.5,25866.9,22.8
Norway,2025-09-20,546.6,306552.7,28663.1,20.8
Norway,2025-09-21,467.0,283868.2,38709.0,18.9
Norway,2025-09-22,437.3,354760.1,50348.8,26.7
Norway,2025-09-23,461.9,389251.7,30771.3,29.7
Norway,2025-09-24,521.1,376585.0,27627.0,24.3
Norway,2025-09-25,786.6999999999999,371671.2,27585.2,34.0
Norway,2025-09-26,767.4,395122.9,28547.9,34.3
Norway,2025-09-27,933.7,355334.2,45815.2,34.300000000000004
Norway,2025-09-28,797.4,333360.9,54159.600000000006,37.5
Norway,2025-09-29,746.2,374485.8,32995.1,18.4
Norway,2025-09-30,570.7,397264.4,29806.8,2.5
Norway,2025-10-01,664.8,397804.0,43743.5,17.2
Norway,2025-10-02,667.8,367973.3,61530.3,2.8000000000000003
Norway,2025-10-03,670.5,296822.2,82747.3,13.2
Norway,2025-10-04,618.5,217079.8,58223.3,24.5
Norway,2025-10-05,641.5,218972.4,55665.3,9.0
Norway,2025-10-06,627.2,369844.6,42403.5,10.0
Norway,2025-10-07,740.7,368959.7,44634.4,7.7
Norway,2025-10-08,611.7,384127.8,44254.9,3.7
Norway,2025-10-09,681.6,356607.3,77143.7,19.7
Norway,2025-10-10,611.8,348227.4,76502.3,14.2
Norway,2025-10-11,677.6,336084.8,61329.3,14.9
Norway,2025-10-12,720.3,364163.5,39413.0,26.099999999999998
Norway,2025-10-13,516.2,411164.5,32371.6,12.1
Norway,2025-10-14,500.5,403644.0,37574.3,16.6
Norway,2025-10-15,483.3,370541.0,62631.8,24.7
Norway,2025-10-16,513.6,382205.3,65490.8,26.0
Norway,2025-10-17,462.1,429978.4,31734.1,23.3
Norway,2025-10-18,454.7,418711.2,47212.1,24.7
Norway,2025-10-19,545.6,362408.3,48110.200000000004,23.599999999999998
Norway,2025-10-20,585.9,398333.2,38843.7,8.8
Norway,2025-10-21,655.3,370451.9,42232.4,6.1
Norway,2025-10-22,663.7,415652.6,31556.7,12.6
Norway,2025-10-23,617.4,425933.7,18940.0,11.3
Norway,2025-10-24,663.1,317252.5,37578.0,5.3
Norway,2025-10-25,707.1,260188.0,48174.2,5.9
Norway,2025-10-26,758.3,276149.0,27652.899999999998,17.2
Norway,2025-10-27,598.4,402571.3,33840.7,7.7
Norway,2025-10-28,553.7,397485.3,37076.9,9.700000000000001
Norway,2025-10-29,590.0,455506.0,26395.4,7.7
Norway,2025-10-30,514.1,438394.3,16034.7,4.7
Norway,2025-10-31,506.7,427099.4,50130.200000000004,4.9
Norway,2025-11-01,624.5,317454.5,77500.4,2.2
Norway,2025-11-02,723.7,399500.1,41295.1,7.7
Norway,2025-11-03,705.1,380669.2,50974.1,7.8
Norway,2025-11-04,716.6,320327.5,68766.4,6.4
Norway,2025-11-05,758.2,382408.3,54785.6,3.3
Norway,2025-11-06,738.9,434138.0,27095.0,1.9
Norway,2025-11-07,725.1,454523.3,24014.8,4.9
Norway,2025-11-08,798.7,465173.3,16191.8,2.9
Norway,2025-11-09,810.1,467249.3,26667.4,10.0
Norway,2025-11-10,777.1,518356.4,22052.2,3.5
Norway,2025-11-11,718.6,472671.8,35457.0,7.0
Norway,2025-11-12,736.8,343025.5,54507.9,5.9
Norway,2025-11-13,852.8,363277.7,49761.8,3.4000000000000004
Norway,2025-11-14,813.2,470335.8,48039.5,4.3
Norway,2025-11-15,858.4,441877.0,52847.1,2.6
Norway,2025-11-16,896.2,475411.4,50914.4,4.7
Norway,2025-11-17,839.5,490484.2,39007.4,3.7
Norway,2025-11-18,808.7,514695.1,16951.0,3.4
Norway,2025-11-19,799.8,533095.9,6766.6,3.4
Norway,2025-11-20,787.5,533441.8,9675.6,1.5
Norway,2025-11-21,754.4,540058.4,25043.5,0.5
Norway,2025-11-22,849.2,438063.0,56803.1,0.7
Norway,2025-11-23,910.8,424421.5,19558.9,0.6000000000000001
Norway,2025-11-24,826.5,521779.8,21096.8,0.0
Norway,2025-11-25,796.8,515811.10000000003,14280.2,0.4
Norway,2025-11-26,878.5,505277.2,50415.8,0.8
Norway,2025-11-27,1088.7,399631.9,60653.3,1.5999999999999999
Norway,2025-11-28,1103.1,332742.8,73330.0,4.7
Norway,2025-11-29,1138.7,369688.2,61154.8,3.3
Norway,2025-11-30,1143.2,392574.3,44060.3,0.7000000000000001
Norway,2025-12-01,1102.4,434330.6,43487.3,2.7
Norway,2025-12-02,1055.0,396229.6,70761.40000000001,1.9
Norway,2025-12-03,1038.4,477111.10000000003,48841.7,2.0
Norway,2025-12-04,936.5,515093.3,19939.9,1.4000000000000001
Norway,2025-12-05,932.9,517951.9,40478.5,1.2
Norway,2025-12-06,1037.1,423950.7,76043.6,0.7000000000000001
Norway,2025-12-07,1174.5,416092.0,69136.9,0.7000000000000001
Norway,2025-12-08,1090.7,391230.6,40218.2,0.9
Norway,2025-12-09,1009.0,494653.5,19983.7,1.6
Norway,2025-12-10,973.5,376020.1,70651.7,1.8
Norway,2025-12-11,951.5,434318.2,47585.7,1.1
Norway,2025-12-12,1058.0,532013.7,49036.9,1.0
Norway,2025-12-13,1124.5,492187.7,50252.7,0.8
Norway,2025-12-14,1171.3,333157.6,79272.3,0.6000000000000001
Norway,2025-12-15,1116.6,406026.6,65005.6,3.6
Norway,2025-12-16,1159.2,516714.7,35573.4,1.0
Norway,2025-12-17,1104.6,516995.3,42461.9,1.9
Norway,2025-12-18,959.4000000000001,368444.3,72504.1,0.4
Norway,2025-12-19,869.9,347216.3,74277.2,0.4
Norway,2025-12-20,903.9,397540.2,54565.7,0.5
Norway,2025-12-21,1124.9,457132.8,23492.1,0.30000000000000004
Norway,2025-12-22,1083.5,551727.7,34589.6,0.1
Norway,2025-12-23,1060.7,512330.9,34212.5,1.0
Norway,2025-12-24,1160.0,401187.6,53901.3,1.5
Norway,2025-12-25,1158.6000000000001,361347.5,66967.7,1.3
Norway,2025-12-26,1173.0,446694.8,43479.0,1.6
Norway,2025-12-27,1112.4,390758.9,75750.5,1.6
Norway,2025-12-28,1049.5,406947.7,73978.6,1.6
Norway,2025-12-29,916.9,413962.0,80995.0,1.1
Norway,2025-12-30,975.7,475330.2,46891.8,2.3
Norway,2025-12-31,1216.5,500624.10000000003,36366.7,0.2
