country,country_code,year,spei_12,drought,electricity_generation,hydro_electricity,wind_electricity,solar_electricity,biofuel_electricity,nuclear_electricity,coal_electricity,gas_electricity,oil_electricity,fossil_electricity,net_elec_imports,net_elec_imports_share_demand,hydro_share,wind_share,solar_share,biofuel_share,nuclear_share,coal_share,gas_share,oil_share,fossil_share
Austria,AUT,2023,0.1622,False,70.98,40.67,8.04,6.89,4.56,0.0,0.0,7.5,3.32,10.82,-0.07,-0.099,0.5729783037475346,0.11327134404057479,0.09706959706959706,0.06424344885883347,0.0,0.0,0.10566356720202874,0.046773739081431384,0.15243730628346014
Austria,AUT,2022,-2.0894,True,64.47,34.63,7.24,3.79,4.75,0.0,0.0,10.85,3.21,14.06,8.7,11.89,0.5371490615790291,0.11230029471071817,0.05878703272840081,0.07367767954087172,0.0,0.0,0.16829533116178066,0.049790600279199626,0.21808593144098032
Austria,AUT,2021,-0.5382,False,66.67,38.75,6.74,2.78,4.48,0.0,0.0,10.62,3.3,13.92,7.54,10.16,0.5812209389530524,0.10109494525273736,0.04169791510424478,0.06719664016799161,0.0,0.0,0.1592920353982301,0.04949752512374381,0.2087895605219739
Austria,AUT,2020,0.3651,False,69.03,42.0,6.79,2.04,4.59,0.0,0.56,9.95,3.1,13.61,2.2,3.089,0.6084311169056932,0.0983630305664204,0.02955236853541938,0.06649282920469361,0.0,0.00811241489207591,0.1441402288859916,0.04490801100970593,0.19716065478777342
Austria,AUT,2019,-0.2886,False,70.69,40.83,7.45,1.7,4.66,0.0,1.5,11.32,3.23,16.05,3.13,4.24,0.5775923044277833,0.10538972980619607,0.024048663177252794,0.06592162965058708,0.0,0.02121940868581129,0.1601358042155892,0.04569246003678031,0.22704767293818082
Austria,AUT,2018,-1.2749,True,64.67,37.64,6.03,1.46,4.93,0.0,1.81,9.92,2.88,14.61,8.95,12.157,0.5820318540281428,0.09324261635998145,0.022576155868254212,0.07623318385650224,0.0,0.02798824802845214,0.153394154940467,0.04453378691820009,0.2259161898871192
Austria,AUT,2017,0.3634,False,67.09,38.29,6.57,1.27,4.92,0.0,1.76,10.91,3.37,16.04,6.55,8.895,0.5707258905947235,0.0979281562080787,0.01892979579669101,0.0733343270234014,0.0,0.02623341779698912,0.1626173796392905,0.05023103294082575,0.23908183037710534
Austria,AUT,2016,1.3329,False,64.87,39.97,5.23,1.1,4.78,0.0,2.04,8.49,3.26,13.79,7.16,9.94,0.6161553876984738,0.08062278402959766,0.016956990904886695,0.07368583320487128,0.0,0.03144751040542623,0.13087713889317096,0.05025435486357329,0.21257900416217046
Austria,AUT,2015,-1.2206,True,61.78,37.16,4.84,0.94,4.65,0.0,2.95,7.66,3.58,14.19,10.06,14.003,0.6014891550663645,0.07834250566526384,0.015215280025898347,0.07526707672385886,0.0,0.047750080932340566,0.12398834574295889,0.05794755584331499,0.22968598251861444
Austria,AUT,2014,0.7949,False,61.55,41.01,3.85,0.79,4.55,0.0,2.94,5.32,3.09,11.35,9.27,13.09,0.6662875710804225,0.06255077173030058,0.012835093419983755,0.07392363931762795,0.0,0.04776604386677498,0.08643379366368807,0.050203086921202275,0.1844029244516653
Austria,AUT,2013,0.1777,False,64.55,42.02,3.15,0.63,4.7,0.0,4.21,6.65,3.19,14.05,7.27,10.123,0.6509682416731217,0.048799380325329204,0.00975987606506584,0.07281177381874517,0.0,0.06522075910147172,0.10302091402013944,0.04941905499612703,0.2176607281177382
Austria,AUT,2012,-0.586,False,68.65,43.85,2.46,0.34,4.68,0.0,4.39,9.71,3.22,17.32,2.8,3.919,0.638747268754552,0.0358339402767662,0.004952658412235979,0.06817188638018935,0.0,0.06394756008739984,0.141442097596504,0.04690458849235251,0.25229424617625634
Austria,AUT,2011,-1.9052,True,62.2,34.24,1.94,0.17,4.56,0.0,5.43,12.44,3.42,21.29,8.2,11.648,0.5504823151125402,0.031189710610932474,0.002733118971061093,0.07331189710610932,0.0,0.08729903536977492,0.19999999999999998,0.05498392282958199,0.3422829581993569
Austria,AUT,2010,0.6895,False,67.82,38.36,2.06,0.09,4.48,0.0,4.92,14.35,3.56,22.83,2.44,3.473,0.5656148628723091,0.03037452079032734,0.0013270421704511945,0.06605721026245946,0.0,0.0725449719846653,0.21158950162194046,0.052491890297847246,0.336626363904453
Austria,AUT,2009,0.3008,False,66.21,40.9,1.95,0.05,4.28,0.0,3.76,12.34,2.93,19.03,0.78,1.164,0.6177314605044556,0.02945174444947893,0.0007551729346020239,0.06464280320193325,0.0,0.056789004682072194,0.1863766802597795,0.044253133967678604,0.2874188189095303
Austria,AUT,2008,-0.3447,False,64.38,38.33,2.01,0.03,4.16,0.0,5.53,11.18,3.14,19.85,4.86,7.019,0.5953712333022678,0.031220876048462253,0.0004659832246039143,0.06461634047840945,0.0,0.08589624106865487,0.17365641503572538,0.04877291084187636,0.3083255669462566
Austria,AUT,2007,-0.2111,False,62.83,37.05,2.04,0.02,4.06,0.0,6.6,9.9,3.16,19.66,6.02,8.744,0.5896864555148814,0.03246856597166958,0.0003183192742320548,0.06461881266910711,0.0,0.10504536049657806,0.1575680407448671,0.05029444532866465,0.31290784657010984
Austria,AUT,2006,-1.0345,True,62.21,35.66,1.75,0.02,3.23,0.0,7.37,10.67,3.51,21.55,6.34,9.249,0.5732197395917055,0.028130525638964798,0.00032149172158816913,0.05192091303648931,0.0,0.11846969940524031,0.17151583346728821,0.056421797138723674,0.34640733001125223
Austria,AUT,2005,0.1201,False,64.37,37.1,1.33,0.02,2.43,0.0,7.17,13.03,3.29,23.49,2.62,3.911,0.5763554450831132,0.020661798974677646,0.00031070374398011494,0.03775050489358397,0.0,0.1113872922168712,0.20242348920304487,0.05111076588472891,0.364921547304645
Brazil,BRA,2023,-2.3095,True,708.12,426.0,95.8,50.63,57.76,14.5,13.31,38.59,11.53,63.43,15.11,2.089,0.6015929503473988,0.13528780432695023,0.07149918092978591,0.08156809580297124,0.020476755352200192,0.018796249223295487,0.05449641303733831,0.016282550980059877,0.08957521324069366
Brazil,BRA,2022,-0.8645,False,677.16,427.11,81.63,30.13,55.02,14.56,14.4,42.11,12.2,68.71,12.91,1.871,0.6307371965266703,0.12054758107389686,0.04449465414377695,0.08125110756689705,0.021501565361214486,0.02126528442317916,0.062186189379171836,0.018016421525193456,0.10146789532754445
Brazil,BRA,2021,-0.0102,False,656.4,362.82,72.29,16.75,56.01,14.7,24.24,86.96,22.63,133.83,23.1,3.4,0.5527422303473492,0.11013101767215114,0.02551797684338818,0.0853290676416819,0.022394881170018283,0.03692870201096892,0.13248019500304692,0.03447592931139549,0.20388482632541136
Brazil,BRA,2020,-0.96,False,628.76,396.38,57.05,10.75,58.74,14.05,17.75,59.48,14.56,91.79,24.72,3.783,0.6304154208282969,0.09073414339334562,0.017097143584197467,0.09342197340797762,0.022345569056555763,0.02823016731344233,0.09459889305935491,0.023156689356829317,0.14598574972962658
Brazil,BRA,2019,-1.6718,True,633.33,397.88,55.99,6.65,54.92,16.13,21.68,65.96,14.12,101.76,24.96,3.792,0.6282348854467654,0.08840572845120237,0.010500055263448755,0.08671624587497828,0.025468555097658406,0.03423175911452165,0.10414791656798192,0.02229485418344307,0.16067452986594666
Brazil,BRA,2018,-0.0945,False,601.39,388.97,48.48,3.46,54.38,15.67,20.8,54.62,15.01,90.43,34.98,5.497,0.646784948203329,0.08061324598014599,0.005753338100068175,0.09042385141089809,0.02605630289828564,0.0345865411796006,0.09082292688604732,0.024958845341625235,0.15036831340727316
Brazil,BRA,2017,-1.8872,True,589.32,370.91,42.37,0.83,52.91,15.74,22.85,65.59,18.12,106.56,36.35,5.81,0.6293864114572728,0.07189642299599537,0.0014084029050431004,0.08978144301907282,0.026708749066720966,0.03877350166293355,0.11129776691780356,0.030747301975157806,0.18081857055589493
Brazil,BRA,2016,-2.2713,True,578.89,380.91,33.49,0.09,51.33,15.86,25.67,56.48,15.06,97.21,40.79,6.582,0.6580006564286826,0.05785209625317418,0.0001554699511133376,0.0886696954516402,0.0273972602739726,0.0443434849453264,0.09756603154312564,0.02601530515296516,0.1679248216414172
Brazil,BRA,2015,-2.564,True,581.22,359.74,21.63,0.06,49.88,14.73,26.98,79.49,28.71,135.18,34.42,5.591,0.6189394721447988,0.037214823990915656,0.00010323113451016826,0.08581948315611988,0.02534324352224631,0.046419600151405664,0.1367640480368879,0.049396097863115516,0.2325797460514091
Brazil,BRA,2014,-1.0933,True,590.55,373.44,12.21,0.02,47.08,15.38,26.9,81.07,34.45,142.42,33.78,5.411,0.6323596647193295,0.020675641351282706,3.386673440013547e-05,0.0797222927779189,0.026043518753704177,0.0455507577681822,0.13727880789094912,0.058335450004233354,0.24116501566336465
Brazil,BRA,2013,0.2814,False,570.83,390.99,6.58,0.0,40.97,15.45,21.97,69.0,25.87,116.84,40.33,6.599,0.6849499851094021,0.01152707461065466,0.0,0.07177268188427377,0.027065851479424693,0.03848781598724663,0.12087661825762486,0.04531997267137326,0.20468440691624476
Brazil,BRA,2012,-2.0082,True,552.5,415.34,5.05,0.0,35.77,16.04,14.47,46.76,19.07,80.3,40.26,6.792,0.7517466063348416,0.009140271493212669,0.0,0.06474208144796381,0.029031674208144793,0.02619004524886878,0.08463348416289593,0.0345158371040724,0.1453393665158371
Brazil,BRA,2011,0.8491,False,531.76,428.33,2.7,0.0,32.63,15.66,12.6,25.1,14.74,52.44,35.89,6.323,0.8054949601323905,0.005077478561757184,0.0,0.0613622686926433,0.029449375658191668,0.023694899954866858,0.04720174514818715,0.027719271851963292,0.0986159169550173
Brazil,BRA,2010,-0.9036,False,515.8,403.29,2.18,0.0,31.94,14.52,11.29,36.48,16.1,63.87,34.65,6.295,0.781872818922063,0.004226444358278403,0.0,0.061923226056611096,0.02815044590926716,0.02188832880961613,0.07072508724311749,0.031213648701046922,0.12382706475378054
Brazil,BRA,2009,1.9477,False,466.17,390.99,1.24,0.0,22.88,12.96,9.97,13.33,14.8,38.1,39.98,7.899,0.8387283608983847,0.002659973829289744,0.0,0.049080807430765594,0.02780101679644765,0.021387047643563507,0.028594718664864748,0.03174807473668404,0.0817298410451123
Brazil,BRA,2008,1.3175,False,463.18,369.56,1.18,0.0,19.79,13.97,11.96,28.78,17.94,58.68,42.21,8.352,0.7978755559393756,0.0025476056824560644,0.0,0.04272636987780128,0.03016106049484002,0.025821494883198758,0.06213567079753012,0.03873224232479814,0.126689408005527
Brazil,BRA,2007,-0.9902,False,445.15,374.02,0.66,0.0,18.06,12.35,10.08,15.5,14.48,40.06,38.83,8.023,0.8402111647759183,0.001482646299000337,0.0,0.040570594181736495,0.027743457261597215,0.022644052566550603,0.03481972368864428,0.03252836122655285,0.08999213748174774
Brazil,BRA,2006,0.8207,False,419.45,348.8,0.24,0.0,14.85,13.75,10.47,18.26,13.08,41.81,41.16,8.936,0.8315651448325189,0.0005721778519489808,0.0,0.03540350458934319,0.03278102276791036,0.02496125879127429,0.04353319823578496,0.031183692931219455,0.0996781499582787
Brazil,BRA,2005,0.3596,False,403.07,337.46,0.09,0.0,13.64,9.85,10.68,18.81,12.54,42.03,39.04,8.83,0.8372243034708611,0.00022328627781774876,0.0,0.03384027588260104,0.024437442627831395,0.026496638301039523,0.046666832063909494,0.031111221375939663,0.10427469174088869
Canada,CAN,2023,-1.8577,True,641.39,360.74,40.51,8.4,9.8,88.43,23.74,102.88,6.89,133.51,-27.76,-4.524,0.5624347121096369,0.06315970002650494,0.013096555917616428,0.015279315237219166,0.13787243330890722,0.03701336160526357,0.1604016277148069,0.010742294080044902,0.20815728340011536
Canada,CAN,2022,-0.729,False,664.08,397.73,39.48,5.74,9.52,86.63,26.49,90.44,8.05,124.98,-51.11,-8.338,0.5989188049632574,0.05945066859414527,0.008643536923262257,0.01433562221419106,0.13045115046379951,0.03988977231658836,0.13618841103481508,0.01212203348994097,0.18820021684134441
Canada,CAN,2021,-1.162,True,652.4,382.43,37.3,5.11,10.55,91.98,34.83,83.6,6.6,125.03,-47.29,-7.815,0.5861894543225016,0.05717351318209687,0.007832618025751074,0.016171060698957695,0.14098712446351933,0.05338749233599019,0.12814224402207233,0.010116492949110975,0.1916462293071735
Canada,CAN,2020,0.4624,False,655.89,386.55,35.76,4.07,10.41,97.51,39.04,75.59,6.96,121.59,-57.64,-9.635,0.5893518730274894,0.05452133741938434,0.006205308817027246,0.015871563829300644,0.1486682218054857,0.059522175974629894,0.11524798365579594,0.010611535470886887,0.18538169510131272
Canada,CAN,2019,0.3208,False,655.7,381.77,32.88,3.75,10.31,100.49,50.14,72.94,3.42,126.5,-47.08,-7.736,0.5822327283818819,0.05014488333079152,0.005719078847033704,0.01572365411011133,0.15325606222357785,0.07646789690407198,0.1112398962940369,0.005215799908494738,0.19292359310660362
Canada,CAN,2018,0.0143,False,661.2,385.89,33.47,3.49,10.54,100.03,53.02,70.74,4.02,127.78,-48.2,-7.863,0.5836206896551723,0.05062008469449485,0.005278281911675741,0.015940713853599513,0.1512855414398064,0.08018753781004234,0.10698729582577131,0.006079854809437385,0.19325468844525104
Canada,CAN,2017,-0.3325,False,669.35,394.59,31.51,3.31,11.15,100.6,62.81,61.46,3.92,128.19,-62.24,-10.252,0.5895122133413012,0.04707552102786285,0.004945095988645701,0.016657951744229477,0.15029506237394485,0.09383730484798686,0.0918204227982371,0.005856427877791888,0.19151415552401582
Canada,CAN,2016,0.1148,False,667.13,385.43,30.93,3.01,11.36,100.72,65.02,65.82,4.84,135.68,-63.8,-10.575,0.5777434682895388,0.046362777869380783,0.004511864254343231,0.017028165425029603,0.1509750723247343,0.09746226372670994,0.09866143030593737,0.007254957804325993,0.20337865183697332
Canada,CAN,2015,-0.8502,False,661.08,382.19,26.97,2.89,9.99,101.1,64.96,67.98,5.0,137.94,-59.53,-9.896,0.5781297271132086,0.04079687783626792,0.004371634295395413,0.015111635505536394,0.15293156652750042,0.09826344769165606,0.10283172989653294,0.007563381133902099,0.2086585587220911
Canada,CAN,2014,1.0095,False,652.97,382.5,12.82,2.12,9.8,106.54,69.38,65.05,4.76,139.19,-45.61,-7.51,0.5857849518354595,0.01963336753602769,0.0032467035238984946,0.015008346478398701,0.16316216671516304,0.10625296721135732,0.0996217284101873,0.00728976828950794,0.21316446391105257
Canada,CAN,2013,-0.0756,False,655.69,391.79,11.15,1.5,11.04,102.72,70.54,60.29,6.66,137.49,-51.88,-8.592,0.5975232198142415,0.017004987112812456,0.0022876664277326174,0.016837224908112063,0.15665939697112963,0.1075813265415059,0.091948939285333,0.01015723893913282,0.20968750476597173
Canada,CAN,2012,-0.9943,False,636.54,380.27,11.31,0.88,10.91,94.2,69.35,63.24,6.38,138.97,-46.75,-7.927,0.5974015772771546,0.01776793288717127,0.0013824740000628398,0.017139535614415436,0.14798755773399944,0.10894837716404311,0.09934960882269772,0.010022936500455588,0.21832092248719642
Canada,CAN,2011,0.5164,False,638.27,375.72,10.19,0.57,10.21,92.94,79.9,62.53,6.21,148.64,-36.68,-6.097,0.5886537045450986,0.01596503047299732,0.0008930389960361602,0.015996365174612625,0.1456123584063171,0.12518213295313896,0.09796794460024755,0.009729424851551852,0.23287950240493832
Canada,CAN,2010,-0.1857,False,607.03,351.39,8.72,0.26,10.3,90.03,86.45,52.78,7.1,146.33,-25.02,-4.299,0.5788676012717658,0.014365023145478809,0.0004283149103009736,0.016967859908077032,0.1483122745169102,0.14241470767507372,0.08694792679109764,0.011696291781295817,0.24105892624746722
Canada,CAN,2009,0.7146,False,613.87,368.69,6.64,0.11,8.94,89.46,84.72,45.27,10.04,140.03,-33.62,-5.794,0.6005994754589734,0.010816622411911316,0.00017919103393226578,0.014563344030495055,0.1457311808689136,0.13800967631583233,0.0737452555101243,0.01635525436981771,0.22811018619577436
Canada,CAN,2008,1.2707,False,635.11,377.49,3.79,0.04,7.98,95.35,100.8,39.63,10.03,150.46,-32.16,-5.334,0.5943694793027979,0.00596747020201225,6.298121585237203e-05,0.01256475256254822,0.15013147328809182,0.1587126639479775,0.06239863960573759,0.015792539874982286,0.23690384342869739
Canada,CAN,2007,1.1906,False,634.19,367.62,3.01,0.03,8.99,92.83,106.47,43.01,12.23,161.71,-30.95,-5.131,0.5796685535880414,0.004746211703117361,4.7304435579242806e-05,0.014175562528579762,0.14637569182737034,0.16788344187073273,0.0678187924754411,0.019284441571137987,0.25498667591731183
Canada,CAN,2006,-1.1327,True,608.43,352.89,2.47,0.02,8.94,97.28,95.92,40.42,10.49,146.83,-19.11,-3.243,0.5800009861446674,0.00405962888089016,3.287148891409037e-05,0.014693555544598393,0.15988692207813554,0.1576516608319774,0.06643327909537664,0.017241095935440397,0.24132603586279444
Canada,CAN,2005,1.2196,False,620.5,361.96,1.57,0.02,9.16,91.4,102.86,36.88,16.65,156.39,-23.85,-3.997,0.5833360193392425,0.0025302175664786465,3.2232070910556004e-05,0.01476228847703465,0.14730056406124095,0.16576954069298952,0.05943593875906528,0.02683319903303787,0.25203867848509265
Switzerland,CHE,2023,-0.165,False,70.07,37.39,0.17,4.62,1.04,24.38,0.0,0.27,1.16,1.43,-6.39,-10.035,0.5336092478949622,0.002426145283288141,0.06593406593406594,0.014842300556586273,0.3479377765092051,0.0,0.0038532895675752825,0.01655487369773084,0.020408163265306124
Switzerland,CHE,2022,-1.8224,True,61.72,29.9,0.15,3.86,0.99,24.15,0.0,0.37,1.21,1.58,3.14,4.841,0.4844458846403111,0.002430330524951393,0.06254050550874919,0.016040181464679195,0.3912832145171743,0.0,0.0059948152948801035,0.019604666234607906,0.025599481529488013
Switzerland,CHE,2021,0.1959,False,63.09,36.96,0.14,2.84,0.96,19.36,0.0,0.5,1.22,1.72,2.41,3.679,0.5858297669995245,0.0022190521477254716,0.045015057853859564,0.015216357584403232,0.3068632112854652,0.0,0.007925186241876684,0.019337454430179108,0.02726264067205579
Switzerland,CHE,2020,-1.3075,True,68.5,37.87,0.15,2.6,0.81,24.02,0.0,0.62,1.25,1.87,-5.56,-8.834,0.5528467153284671,0.00218978102189781,0.03795620437956204,0.011824817518248177,0.35065693430656936,0.0,0.009051094890510949,0.01824817518248175,0.027299270072992703
Switzerland,CHE,2019,-0.6647,False,70.57,38.04,0.15,2.18,0.71,26.42,0.0,0.61,1.29,1.9,-6.26,-9.734,0.5390392518067167,0.0021255491001842142,0.030891313589343918,0.010060932407538614,0.374380048179113,0.0,0.008643899674082472,0.018279722261584246,0.026923621935666716
Switzerland,CHE,2018,-1.6596,True,66.29,34.98,0.12,1.95,0.67,25.51,0.0,0.62,1.28,1.9,-1.59,-2.457,0.5276813999094885,0.0018102277869965302,0.029416201538693617,0.01010710514406396,0.38482425705234574,0.0,0.009352843566148739,0.019309096394629657,0.028661939960778395
Switzerland,CHE,2017,-0.5915,False,60.15,34.09,0.13,1.68,0.69,20.38,0.0,0.72,1.29,2.01,5.55,8.447,0.5667497921862013,0.0021612635078969247,0.027930174563591023,0.011471321695760598,0.33881961762261015,0.0,0.011970074812967581,0.021446384039900252,0.03341645885286783
Switzerland,CHE,2016,0.1974,False,61.1,34.62,0.11,1.33,0.58,21.15,0.0,0.86,1.28,2.14,3.92,6.029,0.5666121112929623,0.001800327332242226,0.02176759410801964,0.009492635024549917,0.34615384615384615,0.0,0.014075286415711947,0.020949263502454993,0.03502454991816694
Switzerland,CHE,2015,-1.6811,True,66.07,38.26,0.11,1.12,0.52,23.09,0.0,0.63,1.23,1.86,-1.03,-1.584,0.5790827909792644,0.0016649008627213564,0.016951717874981086,0.007870440441955503,0.34947782654760107,0.0,0.00953534130467686,0.01861661873770244,0.028151960042379298
Switzerland,CHE,2014,-0.1713,False,70.08,38.04,0.1,0.84,0.59,27.56,0.0,0.5,1.35,1.85,-5.49,-8.5,0.5428082191780822,0.0014269406392694065,0.011986301369863013,0.008418949771689497,0.3932648401826484,0.0,0.0071347031963470324,0.019263698630136987,0.02639840182648402
Switzerland,CHE,2013,0.4002,False,68.69,38.46,0.09,0.5,0.58,25.99,0.0,0.75,1.28,2.03,-2.4,-3.62,0.559906827776969,0.0013102343863735624,0.007279079924297569,0.00844373271218518,0.3783665744649876,0.0,0.010918619886446353,0.018634444606201776,0.029553064492648128
Switzerland,CHE,2012,0.3901,False,68.13,38.6,0.09,0.3,0.53,25.44,0.0,0.91,1.25,2.16,-2.2,-3.337,0.5665639219139881,0.001321003963011889,0.004403346543372964,0.007779245559958903,0.37340378687802733,0.0,0.013356817848231324,0.018347277264054017,0.03170409511228534
Switzerland,CHE,2011,-1.3269,True,62.88,32.39,0.07,0.17,0.44,26.71,0.0,0.96,1.19,2.15,2.59,3.956,0.5151081424936387,0.0011132315521628498,0.002703562340966921,0.006997455470737914,0.4247773536895674,0.0,0.015267175572519083,0.018924936386768447,0.03419211195928753
Switzerland,CHE,2010,-0.3355,False,66.05,36.06,0.04,0.09,0.36,26.34,0.0,1.03,1.21,2.24,0.52,0.781,0.5459500378501136,0.0006056018168054504,0.0013626040878122634,0.005450416351249054,0.3987887963663891,0.0,0.015594246782740349,0.018319454958364876,0.03391370174110523
Switzerland,CHE,2009,-0.6921,False,66.67,35.72,0.02,0.05,0.36,27.69,0.0,0.71,1.24,1.95,-2.16,-3.348,0.535773211339433,0.0002999850007499625,0.0007499625018749063,0.005399730013499325,0.4153292335383231,0.0,0.010649467526623668,0.018599070046497676,0.029248537573121344
Switzerland,CHE,2008,0.3542,False,67.04,36.04,0.02,0.04,0.32,27.7,0.0,0.73,1.28,2.01,-1.13,-1.714,0.5375894988066825,0.00029832935560859184,0.0005966587112171837,0.0047732696897374695,0.4131861575178997,0.0,0.010889021479713603,0.019093078758949878,0.02998210023866348
Switzerland,CHE,2007,0.7543,False,66.43,35.25,0.02,0.03,0.29,27.92,0.0,0.74,1.29,2.03,-2.06,-3.2,0.530633749811832,0.0003010687942194791,0.00045160319132921866,0.004365497516182447,0.4202920367303929,0.0,0.011139545386120728,0.019418937227156405,0.03055848261327713
Switzerland,CHE,2006,0.2288,False,62.13,30.96,0.01,0.02,0.23,27.82,0.0,0.79,1.39,2.18,2.7,4.165,0.4983099951714148,0.00016095284081764043,0.00032190568163528087,0.00370191533880573,0.44777080315467566,0.0,0.012715274424593593,0.022372444873652017,0.03508771929824561
Switzerland,CHE,2005,-0.823,False,57.8,31.23,0.01,0.02,0.22,23.34,0.0,0.87,1.3,2.17,6.35,9.899,0.5403114186851211,0.0001730103806228374,0.0003460207612456748,0.0038062283737024223,0.40380622837370245,0.0,0.015051903114186851,0.02249134948096886,0.03754325259515571
Germany,DEU,2023,0.2704,False,506.72,21.24,140.54,63.87,51.26,7.22,124.78,76.66,20.96,222.4,9.22,1.787,0.04191664035364698,0.27735238395958317,0.126045942532365,0.1011604041679823,0.014248500157878118,0.24625039469529522,0.15128670666245655,0.04136406694032207,0.43890116829807385
Germany,DEU,2022,-1.962,True,566.88,17.62,124.81,60.3,48.6,34.71,179.93,79.05,21.65,280.63,-27.26,-5.052,0.03108241603161163,0.2201700536268699,0.10637171888230312,0.08573243014394581,0.0612298899237934,0.3174040361275755,0.1394475021168501,0.0381915043748236,0.4950430426192492
Germany,DEU,2021,0.0642,False,578.83,19.66,114.16,49.34,49.1,69.13,164.65,90.31,22.24,277.2,-18.58,-3.316,0.033965067463676724,0.1972254375205155,0.08524091702226906,0.08482628751101359,0.11943057547120915,0.28445312095088365,0.15602162983950382,0.038422334709672955,0.47889708550006044
Germany,DEU,2020,-1.5461,True,566.75,18.72,132.11,49.5,50.93,64.38,134.6,95.0,21.28,250.88,-19.03,-3.474,0.03303043670048522,0.23310101455668286,0.08734009704455227,0.08986325540361711,0.11359505955006616,0.23749448610498455,0.16762240846934273,0.03754741949713278,0.44266431407146006
Germany,DEU,2019,-1.4329,True,600.09,19.73,125.89,45.22,50.13,75.07,171.45,90.0,22.4,283.85,-32.67,-5.758,0.03287840157309737,0.20978519888683364,0.07535536336216234,0.08353746937959305,0.12509790198136944,0.2857071439284107,0.1499775033744938,0.037327734173207346,0.4730123814761119
Germany,DEU,2018,-2.2459,True,632.28,17.69,109.95,44.32,50.79,76.0,228.16,81.56,23.63,333.35,-48.74,-8.352,0.02797811096349719,0.17389447713038528,0.07009552729803252,0.08032833554754223,0.12019991143164421,0.3608527867400519,0.12899348389953819,0.03737268298854938,0.5272189536281395
Germany,DEU,2017,0.358,False,644.46,20.15,105.69,38.76,50.92,76.32,241.26,86.04,25.16,352.46,-52.46,-8.861,0.03126648667101139,0.16399776557117585,0.06014337584954845,0.07901188591999503,0.11842472767898704,0.3743599292430872,0.1335071222418769,0.03904043695497005,0.5469074884399342
Germany,DEU,2016,-0.7121,False,641.52,20.55,79.92,37.56,50.93,84.63,261.75,80.62,25.39,367.76,-50.52,-8.548,0.03203329592218481,0.12457912457912458,0.05854844743733633,0.07938957475994514,0.13192106247661803,0.4080153385708941,0.1256702830776905,0.03957787754084051,0.5732634991894251
Germany,DEU,2015,-1.3409,True,639.17,18.98,80.62,38.08,50.33,91.79,272.2,61.47,25.57,359.24,-48.28,-8.171,0.029694760392383876,0.12613232786269696,0.059577264264593144,0.07874274449676925,0.14360811677644447,0.42586479340394573,0.09617159754056041,0.04000500649279535,0.5620413974373015
Germany,DEU,2014,-0.8022,False,618.75,19.59,58.5,35.45,48.29,97.13,274.41,60.61,24.67,359.69,-33.88,-5.793,0.03166060606060606,0.09454545454545454,0.0572929292929293,0.07804444444444444,0.15697777777777777,0.44349090909090916,0.09795555555555556,0.03987070707070707,0.5813171717171717
Germany,DEU,2013,-0.2185,False,629.69,23.0,52.74,30.62,45.51,97.29,288.2,67.0,25.25,380.45,-32.19,-5.387,0.036525909574552554,0.083755498737474,0.048627102224904316,0.07227365846686463,0.1545045975003573,0.4576855277993933,0.10640156267369658,0.04009909638075878,0.6041861868538486
Germany,DEU,2012,-0.4612,False,619.81,21.75,51.68,26.74,43.2,99.46,276.23,75.95,24.77,376.95,-20.54,-3.428,0.03509139897710589,0.08338039076491184,0.04314225327116374,0.06969877865797584,0.1604685306787564,0.44566883399751545,0.12253755183039966,0.03996385989254772,0.6081702457204627
Germany,DEU,2011,-1.0578,True,605.0,17.67,49.86,19.99,36.89,107.97,262.46,85.67,24.47,372.6,-3.77,-0.627,0.029206611570247936,0.08241322314049587,0.03304132231404958,0.06097520661157025,0.17846280991735536,0.43381818181818177,0.14160330578512398,0.040446280991735535,0.6158677685950413
Germany,DEU,2010,0.1759,False,624.21,20.95,38.55,11.96,33.92,140.56,262.89,88.76,26.59,378.24,-14.95,-2.454,0.03356242290254882,0.06175806219060892,0.01916021851620448,0.054340686627897664,0.2251806283141891,0.42115634161580234,0.14219573540955768,0.042597843674404445,0.6059499206997645
Germany,DEU,2009,-0.4999,False,587.96,19.03,39.42,6.72,30.89,134.93,253.45,80.27,23.23,356.95,-12.27,-2.131,0.03236614735696306,0.0670453772365467,0.01142934893530172,0.052537587590992585,0.22948840057146744,0.43106673923396144,0.13652289271379003,0.039509490441526636,0.6070991223892781
Germany,DEU,2008,-0.6247,False,632.29,20.44,41.38,4.51,28.02,148.49,275.21,88.48,25.74,389.43,-20.1,-3.283,0.032326938588306,0.06544465356086607,0.007132802985971627,0.04431510857359756,0.23484477059577097,0.43525913742112005,0.1399357889575986,0.04070916826139904,0.6159040946401177
Germany,DEU,2007,1.236,False,631.1,21.17,40.51,3.14,24.62,140.53,297.1,77.45,26.58,401.13,-16.56,-2.695,0.03354460465853272,0.06418951037870385,0.004975439708445571,0.039011250198066866,0.22267469497702425,0.4707653303755348,0.12272223102519411,0.042116938678497855,0.6356045000792268
Germany,DEU,2006,-0.9853,False,630.2,20.03,31.32,2.27,18.94,167.27,288.93,74.73,26.71,390.37,-16.98,-2.769,0.031783560774357345,0.04969850841002856,0.003602031101237702,0.03005395112662647,0.265423675023802,0.45847350047603935,0.11858140272929228,0.042383370358616314,0.6194382735639479
Germany,DEU,2005,-0.346,False,613.34,19.64,27.77,1.31,14.71,163.05,288.14,72.19,26.53,386.86,-4.57,-0.751,0.03202139107183617,0.04527668177519809,0.002135846349496201,0.02398343496266345,0.26583950174454624,0.46978837186552314,0.11769980761078683,0.043254964619949786,0.6307431440962599
Spain,ESP,2023,-1.9319,True,279.11,25.0,64.28,48.59,5.9,56.87,3.62,64.36,10.48,78.46,-13.96,-5.265,0.08957042026441188,0.2303034645838558,0.17408906882591094,0.021138619182401203,0.20375479201748412,0.01296979685428684,0.23059008992870192,0.03754792017484146,0.2811078069578302
Spain,ESP,2022,-1.7206,True,287.15,17.59,62.78,35.72,6.8,58.59,7.86,86.1,11.69,105.65,-19.8,-7.406,0.061257182657147836,0.21863137732892218,0.12439491554936445,0.02368100296012537,0.2040397005049626,0.02737245342155668,0.29984328748041095,0.04071043008880376,0.3679261709907714
Spain,ESP,2021,-0.9115,False,270.75,29.63,62.06,27.1,6.94,56.56,4.86,71.5,12.08,88.44,0.85,0.313,0.10943674976915974,0.2292151431209603,0.10009233610341645,0.025632502308402586,0.20890120036934443,0.017950138504155125,0.26408125577100644,0.04461680517082179,0.3266481994459834
Spain,ESP,2020,-0.7235,False,259.47,30.51,56.44,20.67,6.14,58.3,5.52,69.74,12.12,87.38,3.28,1.248,0.11758584807492195,0.2175203299032643,0.07966238871545843,0.023663621998689634,0.22468878868462633,0.021274135738235632,0.26877866420010016,0.04671060238177823,0.33676340232011404
Spain,ESP,2019,-1.6438,True,270.52,24.65,55.65,15.1,5.57,58.35,12.86,83.71,14.61,111.18,6.86,2.473,0.09112080437675588,0.20571491941446104,0.05581842377643058,0.02058997486322638,0.21569569717580958,0.04753807481886737,0.3094410764453645,0.05400709744196363,0.41098624870619554
Spain,ESP,2018,0.9037,False,271.4,34.33,50.89,12.74,5.91,55.77,37.34,58.0,16.42,111.76,11.1,3.929,0.12649226234340458,0.18750921149594696,0.046941783345615336,0.02177597641857038,0.20549005158437733,0.1375829034635225,0.2137067059690494,0.06050110537951364,0.4117907148120855
Spain,ESP,2017,-2.5057,True,272.38,18.32,49.13,14.4,6.08,58.04,45.13,64.04,17.24,126.41,9.17,3.257,0.06725897642998752,0.18037300829723182,0.05286731771789412,0.022321756369777516,0.2130846611351788,0.16568764226448346,0.23511271018430138,0.06329392760114545,0.46409428004993025
Spain,ESP,2016,-0.6359,False,270.7,36.4,48.9,13.64,5.69,58.63,36.43,52.83,18.18,107.44,7.67,2.755,0.13446619874399704,0.180642777983007,0.05038788326560769,0.021019578869597343,0.2165866272626524,0.13457702253417067,0.19516069449575177,0.06715921684521611,0.3968969338751385
Spain,ESP,2015,-2.0952,True,277.17,28.14,49.32,13.86,5.76,57.2,51.37,52.5,19.02,122.89,-0.13,-0.047,0.10152613919255331,0.17794133564238554,0.05000541184110834,0.020781469856045023,0.20637154093155824,0.1853375184904571,0.18941443879207706,0.06862214525381534,0.4433741025363495
Spain,ESP,2014,-0.3693,False,274.44,39.17,52.01,13.67,5.41,57.31,43.81,47.27,15.79,106.87,-3.41,-1.258,0.14272700772482147,0.1895131904970121,0.04981052324734004,0.01971286984404606,0.20882524413350825,0.15963416411601808,0.17224165573531555,0.05753534470193849,0.3894111645532721
Spain,ESP,2013,0.194,False,281.46,36.87,55.64,13.1,5.8,56.73,39.94,57.54,15.84,113.32,-6.75,-2.457,0.1309955233425709,0.1976835074255667,0.04654302565195765,0.02060683578483621,0.20155617139202728,0.14190293469764798,0.20443402259646132,0.056277979108932,0.4026149364030413
Spain,ESP,2012,-1.527,True,293.95,20.55,49.47,11.97,4.98,61.47,55.07,73.31,17.13,145.51,-11.2,-3.961,0.06990984861370982,0.16829392753869707,0.04072121109032149,0.01694165674434428,0.20911719680217725,0.18734478652832115,0.24939615580881103,0.05827521687361796,0.4950161592107501
Spain,ESP,2011,-1.4346,True,291.54,30.6,42.92,9.4,4.61,57.72,43.98,85.51,16.8,146.29,-6.09,-2.133,0.10495986828565548,0.14721822048432462,0.03224257391781574,0.015812581463950058,0.19798312409960894,0.1508540852027166,0.2933045208204706,0.05762502572545791,0.501783631748645
Spain,ESP,2010,1.2144,False,297.8,42.3,44.27,7.19,4.01,61.99,25.33,94.85,17.86,138.04,-8.33,-2.878,0.1420416386836803,0.14865681665547348,0.02414372061786434,0.01346541302887844,0.20815983881799865,0.08505708529214237,0.3185023505708529,0.05997313633310947,0.4635325721961047
Spain,ESP,2009,-0.9107,False,290.72,26.41,38.12,6.06,3.49,52.76,35.91,107.75,20.22,163.88,-8.1,-2.866,0.09084342322509631,0.1311227297743533,0.020844799119427625,0.012004678040726472,0.1814804623004953,0.12352091359383598,0.3706315354980737,0.06955145844799118,0.5637039075399009
Spain,ESP,2008,0.1537,False,309.79,23.36,32.95,2.58,3.26,58.97,48.71,120.8,19.16,188.67,-11.04,-3.695,0.0754059201394493,0.10636237451176604,0.00832822234416863,0.010523257690693694,0.1903547564479163,0.15723554666064107,0.38994157332386453,0.06184834888150037,0.609025468866006
Spain,ESP,2007,-0.9365,False,301.86,27.31,27.57,0.52,2.9,55.1,72.8,94.8,20.86,188.46,-5.75,-1.942,0.09047240442589279,0.09133373086861458,0.0017226528854435831,0.009607102630358444,0.18253494997681044,0.24117140396210163,0.3140528721924071,0.06910488305837142,0.6243291592128801
Spain,ESP,2006,-0.5083,False,295.59,25.96,23.3,0.12,2.77,60.13,66.74,90.57,26.0,183.31,-3.28,-1.122,0.0878243512974052,0.07882540004736291,0.0004059677255658175,0.009371088331810955,0.20342366115227176,0.22578571670218883,0.30640414087080076,0.0879596738725938,0.6201495314455835
Spain,ESP,2005,-2.0335,True,289.46,18.39,21.18,0.05,2.65,57.54,79.06,79.01,31.58,189.65,-1.34,-0.465,0.0635320942444552,0.07317073170731708,0.00017273543840254268,0.009154978235334761,0.19878394251364612,0.2731292752021005,0.27295653976369794,0.10909970289504595,0.6551855178608444
France,FRA,2023,-0.7829,False,518.75,55.9,50.48,22.59,9.94,338.2,1.61,30.02,9.43,41.06,-50.47,-10.778,0.10775903614457831,0.09731084337349397,0.043546987951807226,0.01916144578313253,0.6519518072289157,0.0031036144578313256,0.057869879518072286,0.018178313253012047,0.07915180722891567
France,FRA,2022,-2.271,True,468.45,45.56,38.2,19.34,9.67,294.73,4.16,45.74,10.45,60.35,14.94,3.091,0.09725691108976413,0.08154552246771268,0.04128508912370584,0.02064254456185292,0.629159995730601,0.00888035009072473,0.09764115700715124,0.022307610203863806,0.1288291173017398
France,FRA,2021,-0.4057,False,550.31,59.54,37.12,15.28,9.58,379.36,5.44,33.31,10.1,48.85,-44.89,-8.882,0.10819356362777345,0.06745289018916611,0.027766168159764498,0.017408369827915177,0.6893569079246245,0.009885337355308828,0.060529519725245784,0.018353291780996168,0.08876814886155078
France,FRA,2020,-1.0459,True,527.25,62.52,40.05,13.09,8.76,353.83,3.09,35.25,10.05,48.39,-45.04,-9.34,0.11857752489331437,0.0759601706970128,0.024826932195353247,0.016614509246088194,0.67108582266477,0.005860597439544808,0.06685633001422475,0.019061166429587485,0.09177809388335705
France,FRA,2019,-1.0763,True,565.52,56.91,34.72,12.02,8.64,399.01,3.64,39.24,10.73,53.61,-57.67,-11.356,0.10063304569246004,0.061394822464280664,0.021254774366954308,0.015277974253784129,0.7055630216437969,0.006436553968029425,0.06938746640260292,0.018973687933229594,0.09479770830386193
France,FRA,2018,-0.8703,False,576.24,65.11,28.6,11.15,8.38,412.94,8.31,30.55,10.59,49.45,-62.97,-12.268,0.11299111481327224,0.04963209773705401,0.019349576565320006,0.014542551714563378,0.7166111342496182,0.014421074552269889,0.05301610440094405,0.018377759266972094,0.08581493822018604
France,FRA,2017,-1.3891,True,555.74,50.0,24.61,8.87,7.78,398.36,12.81,40.5,12.16,65.47,-40.13,-7.783,0.08997012991686759,0.044283297945082234,0.01596070104725231,0.0139993522150646,0.7168100190736676,0.02305034728470148,0.07287580523266275,0.0218807355957822,0.11780688811314644
France,FRA,2016,-0.7236,False,558.84,60.84,21.38,8.66,7.52,403.2,10.23,34.97,11.44,56.64,-41.5,-8.022,0.10886837019540477,0.038257819769522576,0.015496385369694367,0.013456445494238063,0.7214945243719132,0.01830577625080524,0.06257605039009376,0.02047097559229833,0.10135280223319733
France,FRA,2015,-1.6831,True,574.14,55.56,21.42,7.75,6.53,437.43,11.89,21.14,11.84,44.87,-64.06,-12.559,0.09677082244748668,0.03730797366495977,0.013498449855435957,0.011373532587870555,0.7618873445501098,0.020709234681436584,0.03682028773469886,0.020622147908175705,0.07815167032431114
France,FRA,2014,0.0537,False,566.31,63.77,17.32,6.39,5.99,436.48,11.26,13.16,11.38,35.8,-67.19,-13.462,0.11260616976567606,0.030583955783934597,0.011283572601578641,0.010577245678162138,0.7707439388320886,0.01988310289417457,0.02323815578040296,0.020095000971199522,0.06321625964577705
France,FRA,2013,0.5481,False,576.75,71.92,16.14,5.19,5.68,423.68,23.84,18.39,11.41,53.64,-48.46,-9.173,0.1246987429562202,0.02798439531859558,0.008998699609882966,0.009848287819679237,0.7345990463805808,0.04133506718682271,0.03188556566970091,0.01978326831382748,0.09300390117035111
France,FRA,2012,-0.168,False,567.58,59.83,15.18,4.43,5.3,425.41,21.46,22.75,12.71,56.92,-44.52,-8.511,0.10541245287007998,0.026745128440043692,0.007805067127101025,0.009337890693822896,0.7495154868036223,0.0378096479791395,0.04008245533669262,0.022393319003488496,0.10028542231932062
France,FRA,2011,-1.4783,True,567.65,45.74,12.37,2.33,5.04,442.39,17.39,29.49,12.36,59.24,-56.41,-11.034,0.08057782084030653,0.021791596934730907,0.00410464194486039,0.00887871047300273,0.7793358583634282,0.03063507442966617,0.05195102616048621,0.021773980445697172,0.10436008103584957
France,FRA,2010,-0.4598,False,562.36,61.2,9.94,0.62,4.44,428.52,23.36,23.76,10.04,57.16,-30.71,-5.776,0.10882708585247884,0.017675510349242477,0.0011024966213813215,0.007895298385375915,0.7620029874101998,0.04153922754107689,0.042250515683903554,0.01785333238494914,0.10164307560992958
France,FRA,2009,-0.9756,False,528.87,55.49,7.91,0.17,4.13,409.74,21.67,20.5,8.81,50.98,-25.93,-5.156,0.10492181443454913,0.014956416510673701,0.00032144005143040826,0.007809102425926976,0.7747461569005616,0.04097415243821734,0.038761888554843346,0.016658157959422923,0.09639419895248359
France,FRA,2008,0.565,False,566.98,62.16,5.69,0.04,3.97,439.45,23.06,21.88,10.26,55.2,-47.99,-9.247,0.10963349677237291,0.010035627358989736,7.05492257222477e-05,0.007002010652933084,0.7750714310910437,0.04067162862887579,0.03859042647006949,0.018095876397756533,0.09735793149670183
France,FRA,2007,0.0316,False,561.84,55.99,4.07,0.02,3.75,439.73,24.45,21.99,11.37,57.81,-56.81,-11.249,0.09965470596611134,0.007244055247045422,3.559732308130428e-05,0.006674498077744553,0.7826605439270967,0.04351772746689449,0.039139256727894055,0.020237078171721483,0.10289406236651004
France,FRA,2006,-0.6555,False,567.3,54.88,2.18,0.01,3.38,450.19,22.89,21.76,11.55,56.2,-63.34,-12.568,0.09673893883306893,0.0038427639696809453,1.7627357659086906e-05,0.005958046888771373,0.7935660144544333,0.04034902168164992,0.03835713026617311,0.020359598096245376,0.09906575004406841
France,FRA,2005,-1.4211,True,569.14,50.14,0.96,0.01,3.39,451.53,27.51,23.07,12.05,62.63,-60.33,-11.857,0.08809783181642479,0.0016867554555996768,1.75703693291633e-05,0.005956355202586359,0.7933548863197104,0.04833608602452824,0.04053484204237973,0.021172295041641778,0.11004322310854975
United Kingdom,GBR,2023,1.8637,False,292.53,5.54,82.15,13.88,34.1,40.6,3.78,101.66,10.82,116.26,23.3,7.377,0.01893822855775476,0.2808258981984754,0.047448124978634675,0.1165692407616313,0.13878918401531468,0.012921751615218953,0.3475199124876081,0.03698765938536219,0.3974293234881893
United Kingdom,GBR,2022,-0.7631,False,324.58,5.66,80.21,13.34,35.85,47.4,5.94,125.11,11.07,142.12,-4.3,-1.343,0.017437919773245426,0.24711935424240555,0.04109926674471625,0.11045042824573295,0.1460348758395465,0.018300573048246966,0.38545196869800974,0.03410561340809662,0.43785815515435333
United Kingdom,GBR,2021,-0.1456,False,307.9,5.42,64.93,12.13,40.01,46.1,6.79,122.84,9.68,139.31,24.74,7.437,0.017603117895420593,0.21088015589477108,0.03939590776226048,0.1299447872685937,0.14972393634296852,0.022052614485222475,0.3989607015264697,0.031438778824293606,0.45245209483598575
United Kingdom,GBR,2020,1.1444,False,310.3,6.88,75.62,12.55,38.58,50.24,5.7,111.89,8.84,126.43,18.25,5.555,0.02217209152433129,0.24369964550435064,0.04044473090557525,0.12433129229777634,0.1619078311311634,0.018369320012890752,0.36058652916532385,0.028488559458588462,0.4074444086368031
United Kingdom,GBR,2019,0.7746,False,327.19,5.93,63.84,12.42,37.54,56.18,6.92,133.09,11.26,151.27,21.17,6.077,0.018124025795409393,0.19511598765243438,0.037959595342155934,0.11473455790213637,0.17170451419664415,0.021149790641523274,0.4067667104740365,0.03441425471438614,0.4623307558299459
United Kingdom,GBR,2018,-0.8033,False,333.76,5.44,56.91,12.67,35.11,65.06,16.83,131.49,10.24,158.56,19.11,5.416,0.016299137104506235,0.17051174496644295,0.03796140939597316,0.10519534995206137,0.19493048897411314,0.05042545541706615,0.39396572387344203,0.03068072866730585,0.475071907957814
United Kingdom,GBR,2017,0.0508,False,338.22,5.88,49.65,11.46,31.9,70.34,22.53,136.75,9.71,168.99,14.76,4.182,0.017385133936491038,0.14679794216781974,0.033883271243569275,0.09431730826089527,0.20797114304298978,0.0666134468689019,0.4043226302406717,0.028709124238661225,0.49964520134823487
United Kingdom,GBR,2016,0.0472,False,339.18,5.37,37.16,10.41,30.07,71.73,30.67,143.13,10.64,184.44,17.75,4.973,0.015832301432867502,0.10955834660062502,0.030691668140810188,0.08865499144996757,0.21148062975411286,0.0904239636771036,0.4219883247833009,0.03136977416121234,0.5437820626216168
United Kingdom,GBR,2015,0.8806,False,338.87,6.3,40.27,7.53,29.26,70.34,75.88,99.88,9.41,185.17,21.11,5.864,0.01859120016525511,0.11883613184997198,0.022220910673709682,0.08634579632307375,0.20757222533714995,0.22392067754596157,0.2947442972231239,0.027768760881754066,0.5464337356508395
United Kingdom,GBR,2014,1.5361,False,338.08,5.89,31.95,4.05,22.62,63.75,100.24,100.89,8.69,209.82,20.52,5.722,0.017421911973497396,0.09450425934690014,0.011979413156649315,0.06690724088973024,0.18856483672503552,0.29649787032654995,0.2984204921911974,0.025703975390440132,0.6206223379081874
United Kingdom,GBR,2013,-0.4544,False,358.28,4.7,28.4,2.01,18.1,70.61,130.26,95.84,8.36,234.46,14.43,3.872,0.013118231550742437,0.07926761192363514,0.005610137322764318,0.0505191470358379,0.19708049570168584,0.3635703918722787,0.26750027911130964,0.023333705481746122,0.6544043764653344
United Kingdom,GBR,2012,1.8232,False,363.87,5.31,19.84,1.35,14.74,70.41,142.79,100.17,9.26,252.22,11.86,3.157,0.014593123917882759,0.05452496770824745,0.0037101162503091764,0.04050897298485723,0.1935031742105697,0.3924203699123313,0.2752906257729409,0.02544864924286146,0.6931596449281336
United Kingdom,GBR,2011,-0.1139,False,367.97,5.69,15.96,0.24,13.31,68.98,108.44,146.5,8.85,263.79,6.22,1.662,0.015463217110090497,0.04337310106802185,0.0006522270837296518,0.036171427018506945,0.18746093431529745,0.2946979373318477,0.39813028235997494,0.02405087371253091,0.7168790934043536
United Kingdom,GBR,2010,-1.1072,True,382.06,3.59,10.29,0.04,12.26,62.14,107.59,175.65,10.5,293.74,2.66,0.691,0.00939642988012354,0.026932942469769145,0.00010469559755012302,0.032089200649112706,0.1626446107941161,0.2816049835104434,0.45974454274197774,0.02748259435690729,0.7688321206093284
United Kingdom,GBR,2009,0.7866,False,376.76,5.23,9.28,0.02,10.71,69.1,103.04,166.5,12.88,282.42,2.86,0.753,0.013881516084510034,0.024631064868882047,5.308419152776303e-05,0.028426584563117106,0.18340588172842126,0.27348975475103515,0.44192589446862723,0.034186219343879394,0.7496018685635418
United Kingdom,GBR,2008,1.1962,False,388.96,5.14,7.13,0.02,9.65,52.49,124.38,176.22,13.93,314.53,11.02,2.755,0.013214726450020567,0.018330933772110244,5.141916906622789e-05,0.02480974907445496,0.13494960921431512,0.31977581242287123,0.45305429864253394,0.035813451254627725,0.8086435623200329
United Kingdom,GBR,2007,0.1313,False,396.81,5.08,5.27,0.01,9.32,63.03,135.94,165.79,12.37,314.1,5.21,1.296,0.012802096721352789,0.01328091529951362,2.520097779793856e-05,0.023487311307678737,0.15884176306040673,0.34258209218517677,0.4178070109120234,0.031173609536049997,0.7915627126332502
United Kingdom,GBR,2006,-0.3502,False,397.27,4.59,4.22,0.01,9.28,75.45,148.85,140.83,14.04,303.72,7.52,1.858,0.01155385506078989,0.010622498552621642,2.5171797518060767e-05,0.02335942809676039,0.18992121227376849,0.3746822060563345,0.3544944244468498,0.03534120371535731,0.7645178342185417
United Kingdom,GBR,2005,-0.5719,False,398.35,4.92,2.9,0.01,9.1,81.62,134.64,152.64,12.52,299.8,8.32,2.046,0.012350947659093761,0.007280030124262583,2.5103552152629598e-05,0.02284423245889293,0.20489519266976278,0.33799422618300484,0.3831806200577381,0.031429647295092254,0.7526044935358354
Italy,ITA,2023,-1.3111,True,261.55,40.52,23.59,30.71,16.01,0.0,13.22,119.02,12.79,145.03,51.25,16.384,0.15492257694513478,0.0901930797170713,0.11741540814375837,0.06121200535270503,0.0,0.05054482890460715,0.45505639457082775,0.048900783788950485,0.5545020072643854
Italy,ITA,2022,-2.6639,True,280.17,28.4,20.49,28.12,17.61,0.0,22.61,141.47,15.63,179.71,42.99,13.303,0.10136702716208015,0.07313416854052895,0.10036763393653853,0.06285469536352928,0.0,0.08070100296248706,0.5049434272049113,0.055787557554342004,0.6414319877217404
Italy,ITA,2021,-1.5001,True,285.49,45.39,20.93,25.04,19.06,0.0,14.02,144.01,11.13,169.16,42.79,13.035,0.15898980699849383,0.07331255035202634,0.08770885144838698,0.06676240849066517,0.0,0.04910855021191635,0.5044309783179796,0.038985603698903644,0.5925251322287995
Italy,ITA,2020,-1.3144,True,276.81,47.55,18.76,24.94,19.62,0.0,13.38,133.7,12.83,159.91,32.2,10.42,0.17177847621111952,0.06777211805931867,0.09009790108738847,0.07087894223474586,0.0,0.048336404031646255,0.48300278169141286,0.04634948159387305,0.5776886673169321
Italy,ITA,2019,-0.2091,False,289.99,46.32,20.2,23.69,19.55,0.0,18.84,141.7,13.62,174.16,38.14,11.623,0.15972964584985688,0.06965757439911721,0.08169247215421221,0.06741611779716541,0.0,0.06496775750887962,0.48863753922549047,0.04696713679782061,0.6005724335321907
Italy,ITA,2018,-1.3137,True,286.06,48.79,17.72,22.65,19.14,0.0,28.47,128.56,14.62,171.65,43.9,13.305,0.17055862406488148,0.061945046493742564,0.07917919317625673,0.06690904006152555,0.0,0.09952457526393065,0.4494162063902678,0.051108159127455775,0.6000489407816542
Italy,ITA,2017,-2.2057,True,292.09,36.2,17.74,24.38,19.37,0.0,32.63,140.36,15.21,188.2,37.76,11.448,0.12393440377965698,0.06073470505666062,0.08346742442397892,0.06631517682905955,0.0,0.11171214351740903,0.48053682084289095,0.05207299120134206,0.644321955561642
Italy,ITA,2016,-1.2237,True,285.95,42.43,17.69,22.1,19.5,0.0,35.61,126.17,16.16,177.94,37.03,11.465,0.1483825843678965,0.0618639622311593,0.07728623885294633,0.0681937401643644,0.0,0.12453226088477007,0.4412309844378388,0.056513376464416856,0.6222766217870257
Italy,ITA,2015,-1.8669,True,279.7,45.54,14.84,22.94,19.39,0.0,43.2,110.88,16.73,170.81,46.38,14.224,0.16281730425455845,0.05305684662138005,0.08201644619234895,0.06932427601001073,0.0,0.15445119771183413,0.39642474079370754,0.0598140865212728,0.6106900250268145
Italy,ITA,2014,0.5627,False,276.53,58.55,15.18,22.31,18.72,0.0,43.45,93.66,18.74,155.85,43.72,13.652,0.21173109608360757,0.0548945864824793,0.08067840740606806,0.06769609084005353,0.0,0.15712580913463278,0.338697428850396,0.06776841572342965,0.5635916537084584
Italy,ITA,2013,-0.0853,False,286.02,52.77,14.9,21.59,17.08,0.0,45.1,108.91,20.01,174.02,42.14,12.841,0.18449758758128804,0.0520942591427173,0.07548423187189708,0.0597161037689672,0.0,0.15768128102929865,0.3807775680022376,0.06996014264736733,0.6084189916789037
Italy,ITA,2012,-1.4194,True,295.25,41.87,13.41,18.86,12.49,0.0,49.14,129.14,24.75,203.03,43.1,12.738,0.14181202370872142,0.04541913632514818,0.06387806943268416,0.04230313293818798,0.0,0.16643522438611347,0.4373920406435224,0.0838272650296359,0.6876545300592718
Italy,ITA,2011,-1.6311,True,298.37,45.82,9.85,10.8,10.83,0.0,44.73,144.6,26.09,215.42,45.73,13.29,0.15356771793410864,0.03301270234943191,0.036196668565874585,0.036297214867446456,0.0,0.1499145356436639,0.48463317357643193,0.08744176693367295,0.7219894761537687
Italy,ITA,2010,1.3184,False,296.63,51.12,9.12,1.91,9.44,0.0,39.73,152.81,27.12,219.66,44.16,12.958,0.1723359066850959,0.03074537302363213,0.006438998078414186,0.03182415804200519,0.0,0.13393790243737988,0.515153558304959,0.09142703030711662,0.7405184910494556
Italy,ITA,2009,-0.0094,False,286.36,49.14,6.54,0.68,7.56,0.0,39.74,147.36,30.0,217.1,44.96,13.57,0.17160217907528985,0.0228383852493365,0.0023746333286771898,0.02640033524235228,0.0,0.138776365414164,0.5145970107556922,0.10476323508869953,0.7581366112585556
Italy,ITA,2008,0.6521,False,311.57,41.62,4.86,0.19,5.97,0.0,43.07,172.77,37.57,253.41,40.03,11.385,0.13358153865904931,0.015598420900600188,0.0006098148088712007,0.019161023205058254,0.0,0.1382353885162243,0.5545142343614597,0.12058285457521585,0.8133324774528998
Italy,ITA,2007,-1.265,True,306.17,32.82,4.03,0.04,5.26,0.0,44.11,172.71,41.63,258.45,46.28,13.131,0.10719534898912368,0.013162622072704707,0.00013064637293007153,0.017179998040304404,0.0,0.14407028774863637,0.5640983767188164,0.13597021262697195,0.8441388770944246
Italy,ITA,2006,-1.266,True,305.61,36.99,2.97,0.04,5.11,0.0,44.21,158.14,52.62,254.97,44.99,12.832,0.12103661529400216,0.009718268381270247,0.0001308857694447171,0.01672065704656261,0.0,0.1446614966787736,0.517456889499689,0.17218022970452537,0.834298615882988
Italy,ITA,2005,-0.0043,False,294.63,36.07,2.34,0.03,4.67,0.0,43.61,149.33,53.26,246.2,49.15,14.297,0.12242473610969691,0.00794216474900723,0.00010182262498727217,0.015850388623018703,0.0,0.148016155856498,0.5068390863116452,0.18076910022740386,0.835624342395547
Netherlands,NLD,2023,1.3049,False,119.96,0.07,29.52,19.61,7.64,3.99,8.71,46.09,4.33,59.13,-5.66,-4.952,0.0005835278426142048,0.2460820273424475,0.1634711570523508,0.06368789596532178,0.03326108702900967,0.07260753584528178,0.3842114038012671,0.03609536512170724,0.49291430476825615
Netherlands,NLD,2022,-1.7633,True,119.96,0.05,21.57,16.66,9.82,4.16,14.8,47.74,5.16,67.7,-4.27,-3.691,0.00041680560186728915,0.17980993664554853,0.13887962654218072,0.08186062020673558,0.034678226075358455,0.12337445815271758,0.3979659886628877,0.04301433811270424,0.5643547849283095
Netherlands,NLD,2021,0.3983,False,120.89,0.09,18.13,11.3,10.92,3.83,14.6,56.69,5.33,76.62,0.25,0.206,0.0007444784514848209,0.14997104806022002,0.09347340557531642,0.0903300521134916,0.03168169410207627,0.1207709487964265,0.46893870460749437,0.04408966829348995,0.6337993216974109
Netherlands,NLD,2020,-1.2406,True,121.96,0.05,15.27,8.57,8.84,4.09,7.62,72.52,5.0,85.14,-2.66,-2.23,0.000409970482125287,0.12520498524106263,0.07026894063627419,0.07248278123975074,0.03353558543784847,0.06247950147589374,0.5946211872745162,0.0409970482125287,0.6980977369629388
Netherlands,NLD,2019,-0.9461,False,120.05,0.07,11.51,5.4,5.82,3.91,17.69,70.72,4.93,93.34,0.86,0.711,0.0005830903790087465,0.09587671803415243,0.04498125780924615,0.04847980008329863,0.03256976259891712,0.1473552686380675,0.5890878800499791,0.04106622240733028,0.777509371095377
Netherlands,NLD,2018,-1.9519,True,113.1,0.07,10.55,3.71,4.55,3.51,27.58,57.63,5.5,90.71,7.97,6.583,0.0006189213085764811,0.09328028293545536,0.032802829354553496,0.040229885057471264,0.03103448275862069,0.2438549955791335,0.5095490716180372,0.048629531388152084,0.8020335985853227
Netherlands,NLD,2017,0.0951,False,116.04,0.06,10.57,2.2,4.6,3.4,31.38,57.73,6.1,95.21,3.51,2.936,0.0005170630816959668,0.09108927955877283,0.018958979662185453,0.03964150293002412,0.029300241296104788,0.27042399172699066,0.49750086177180275,0.0525680799724233,0.8204929334712168
Netherlands,NLD,2016,-0.4584,False,113.96,0.1,8.17,1.6,4.91,3.96,36.82,52.53,5.87,95.22,4.91,4.131,0.0008775008775008776,0.0716918216918217,0.014040014040014042,0.04308529308529309,0.03474903474903475,0.32309582309582313,0.460951210951211,0.05150930150930151,0.8355563355563356
Netherlands,NLD,2015,-0.4706,False,108.99,0.09,7.55,1.11,4.94,4.08,39.39,45.81,6.02,91.22,8.75,7.432,0.0008257638315441783,0.06927241031287275,0.010184420589044868,0.04532525919809157,0.037434627030002755,0.3614093036058354,0.4203137902559868,0.05523442517662171,0.836957519038444
Netherlands,NLD,2014,-0.8551,False,102.1,0.11,5.8,0.73,5.01,4.09,29.49,51.52,5.35,86.36,14.73,12.608,0.0010773751224289912,0.05680705190989226,0.0071498530852105785,0.049069539666993144,0.04005876591576885,0.2888344760039177,0.5046033300685603,0.05239960822722821,0.8458374142997062
Netherlands,NLD,2013,-0.7488,False,100.56,0.11,5.63,0.41,5.95,2.89,24.61,56.07,4.89,85.57,18.24,15.354,0.0010938743038981702,0.055986475735879074,0.004077167859984089,0.05916865552903739,0.028739061256961018,0.24472951471758153,0.5575775656324582,0.048627684964200474,0.8509347653142402
Netherlands,NLD,2012,0.2433,False,102.27,0.1,4.98,0.19,7.2,3.91,24.21,56.56,5.12,85.89,17.11,14.332,0.000977803852547179,0.048694631856849524,0.0018578273198396403,0.0704018773833969,0.038232130634594706,0.23672631270167208,0.5530458590006845,0.05006355725041557,0.8398357289527721
Netherlands,NLD,2011,-0.717,False,112.64,0.06,5.1,0.1,7.06,4.14,21.39,69.47,5.32,96.18,9.09,7.467,0.0005326704545454545,0.04527698863636363,0.000887784090909091,0.06267755681818181,0.03675426136363636,0.18989701704545456,0.6167436079545454,0.04723011363636364,0.8538707386363636
Netherlands,NLD,2010,-0.2395,False,118.1,0.1,3.99,0.06,7.04,3.97,22.59,75.33,5.02,102.94,2.78,2.3,0.0008467400508044031,0.033784928027095686,0.0005080440304826418,0.05961049957662998,0.03361558001693481,0.19127857747671465,0.6378492802709569,0.04250635055038103,0.8716342082980525
Netherlands,NLD,2009,-0.8615,False,112.35,0.1,4.58,0.04,6.11,4.25,24.28,68.87,4.12,97.27,4.89,4.171,0.0008900756564307967,0.040765465064530486,0.00035603026257231867,0.05438362260792168,0.037828215398308856,0.21611036938139744,0.6129951045838897,0.036671117044948826,0.8657765910102359
Netherlands,NLD,2008,-0.1097,False,106.21,0.1,4.26,0.04,5.13,4.17,23.48,63.36,5.67,92.51,15.85,12.985,0.0009415309292910274,0.04010921758779776,0.0003766123717164109,0.0483005366726297,0.03926183975143584,0.2210714621975332,0.5965539967987948,0.053384803690801244,0.8710102626871293
Netherlands,NLD,2007,0.7731,False,103.68,0.11,3.44,0.04,4.0,4.2,24.92,61.01,5.96,91.89,17.61,14.519,0.0010609567901234567,0.03317901234567901,0.00038580246913580245,0.038580246913580245,0.04050925925925926,0.24035493827160495,0.5884452160493827,0.057484567901234566,0.8862847222222222
Netherlands,NLD,2006,-0.7428,False,97.52,0.11,2.74,0.04,5.17,3.47,23.74,57.14,5.11,85.99,21.46,18.037,0.0011279737489745694,0.02809680065627564,0.00041017227235438887,0.05301476620180476,0.03558244462674324,0.24343724364232977,0.5859310910582445,0.05239950779327318,0.8817678424938474
Netherlands,NLD,2005,0.1032,False,98.53,0.09,2.07,0.04,5.26,4.0,23.5,57.6,5.97,87.07,18.29,15.657,0.0009134273825230893,0.021008829798031054,0.0004059677255658175,0.053384755911905,0.04059677255658175,0.2385060387699178,0.5845935248147772,0.060590683040698264,0.8836902466253932
Norway,NOR,2023,1.453,False,153.63,136.71,13.96,0.36,0.25,0.0,0.03,1.53,0.79,2.35,-17.74,-13.055,0.8898652606912714,0.09086766907505045,0.0023432923257176333,0.001627286337303912,0.0,0.00019527436047646945,0.009958992384299942,0.005142224825880362,0.015296491570656774
Norway,NOR,2022,0.3718,False,145.42,128.24,14.8,0.17,0.24,0.0,0.04,1.15,0.78,1.97,-12.52,-9.421,0.8818594416173843,0.10177417136569937,0.0011690276440654657,0.001650391968092422,0.0,0.0002750653280154037,0.007908128180442855,0.005363773896300372,0.013546967404758631
Norway,NOR,2021,-0.0813,False,157.13,143.97,11.76,0.11,0.22,0.0,0.04,0.31,0.72,1.07,-17.58,-12.598,0.9162476929930631,0.07484248711258194,0.0007000572774136065,0.001400114554827213,0.0,0.000254566282695857,0.0019728886908928914,0.004582193088525425,0.006809648062114174
Norway,NOR,2020,1.7328,False,154.32,141.8,9.91,0.08,0.24,0.0,0.04,1.61,0.64,2.29,-20.47,-15.293,0.9188698807672371,0.06421721099015035,0.0005184033177812338,0.0015552099533437014,0.0,0.0002592016588906169,0.010432866770347332,0.00414722654224987,0.014839294971487818
Norway,NOR,2019,1.2143,False,133.83,125.29,5.52,0.01,0.25,0.0,0.04,2.06,0.66,2.76,0.04,0.03,0.9361877008144661,0.041246357318986765,7.472166180975864e-05,0.001868041545243966,0.0,0.00029888664723903456,0.01539266233281028,0.00493162967944407,0.020623178659493382
Norway,NOR,2018,-0.6748,False,145.94,138.98,3.87,0.0,0.2,0.0,0.04,2.18,0.67,2.89,-10.15,-7.475,0.952309168151295,0.02651774701932301,0.0,0.0013704262025489929,0.0,0.0002740852405097986,0.014937645607784022,0.004590927778539126,0.019802658626832947
Norway,NOR,2017,1.8861,False,148.27,142.37,2.85,0.0,0.26,0.0,0.04,2.06,0.69,2.79,-15.16,-11.389,0.9602077291427801,0.019221690159843527,0.0,0.0017535576987927428,0.0,0.00026977810750657583,0.013893572536588655,0.004653672354488433,0.018817022998583663
Norway,NOR,2016,0.2273,False,148.03,142.81,2.11,0.0,0.23,0.0,0.04,2.21,0.63,2.88,-16.41,-12.468,0.9647368776599338,0.01425386745929879,0.0,0.001553739106937783,0.0,0.0002702154968587449,0.014929406201445653,0.0042558940755252316,0.01945551577382963
Norway,NOR,2015,1.7187,False,143.0,137.3,2.52,0.0,0.25,0.0,0.04,2.2,0.69,2.93,-14.65,-11.414,0.9601398601398602,0.017622377622377623,0.0,0.0017482517482517483,0.0,0.0002797202797202797,0.015384615384615385,0.004825174825174825,0.02048951048951049
Norway,NOR,2014,-0.4854,False,140.88,135.47,2.22,0.0,0.25,0.0,0.04,2.22,0.68,2.94,-15.58,-12.434,0.9615985235661556,0.015758091993185692,0.0,0.0017745599091425327,0.0,0.00028392958546280523,0.015758091993185692,0.004826802952867689,0.020868824531516183
Norway,NOR,2013,-0.0512,False,133.14,128.14,1.88,0.0,0.4,0.0,0.04,2.07,0.61,2.72,-5.01,-3.91,0.9624455460417606,0.014120474688298032,0.0,0.003004356316659156,0.0,0.00030043563166591564,0.015547543938711132,0.004581643382905213,0.020429622953282264
Norway,NOR,2012,1.3573,False,146.18,141.72,1.54,0.0,0.33,0.0,0.04,2.24,0.31,2.59,-17.82,-13.883,0.9694896702695307,0.010534956902449035,0.0,0.0022574907648105075,0.0,0.00027363524421945547,0.015323573676289507,0.0021206731427007796,0.01771788206320974
Norway,NOR,2011,1.2888,False,125.93,120.28,1.29,0.0,0.34,0.0,0.04,3.71,0.27,4.02,-3.08,-2.507,0.9551338044945604,0.010243786230445485,0.0,0.002699912649884857,0.0,0.00031763678233939487,0.029460811561978877,0.0021440482807909157,0.03192249662510918
Norway,NOR,2010,-0.1512,False,123.14,116.74,0.87,0.0,0.35,0.0,0.04,4.8,0.34,5.18,7.55,5.777,0.9480266363488712,0.00706512912132532,0.0,0.002842293324671106,0.0,0.00032483352281955497,0.038980022738346595,0.0027610849439662177,0.042065941205132365
Norway,NOR,2009,0.2554,False,130.97,125.28,0.97,0.0,0.23,0.0,0.04,4.23,0.22,4.49,-8.98,-7.361,0.9565549362449416,0.007406276246468657,0.0,0.001756127357410094,0.0,0.000305413453462625,0.0322974727036726,0.0016797739940444378,0.03428266015117966
Norway,NOR,2008,0.7731,False,141.19,139.04,0.91,0.0,0.4,0.0,0.04,0.44,0.36,0.84,-13.86,-10.885,0.9847722926552872,0.006445215666831929,0.0,0.002833061831574474,0.0,0.0002833061831574474,0.0031163680147319214,0.0025497556484170266,0.005949429846306396
Norway,NOR,2007,1.2605,False,136.11,133.66,0.89,0.0,0.39,0.0,0.04,0.76,0.37,1.17,-10.03,-7.955,0.9819998530600249,0.006538828888399089,0.0,0.0028653295128939827,0.0,0.00029387995004040847,0.005583719050767761,0.0027183895378737784,0.008595988538681947
Norway,NOR,2006,0.6939,False,121.22,119.37,0.64,0.0,0.39,0.0,0.04,0.47,0.31,0.82,0.85,0.696,0.9847384919980202,0.00527965682230655,0.0,0.0032172908760930543,0.0,0.00032997855139415937,0.0038772479788813726,0.002557333773304735,0.006764560303580267
Norway,NOR,2005,0.9562,False,137.25,135.69,0.5,0.0,0.33,0.0,0.04,0.38,0.31,0.73,-12.04,-9.616,0.9886338797814207,0.0036429872495446266,0.0,0.0024043715846994535,0.0,0.00029143897996357013,0.002768670309653916,0.0022586520947176685,0.005318761384335155
Portugal,PRT,2023,-1.5812,True,46.14,12.04,13.15,5.16,3.8,0.0,0.0,10.42,1.36,11.78,10.23,18.148,0.26094495015171215,0.28500216731686173,0.11183355006501951,0.082358040745557,0.0,0.0,0.22583441699176418,0.029475509319462505,0.2553099263112267
Portugal,PRT,2022,-0.9411,False,46.33,6.54,13.25,3.52,4.11,0.0,0.0,17.39,1.33,18.72,9.25,16.643,0.14116123462119579,0.28599179797107704,0.07597668897042953,0.08871141808763221,0.0,0.0,0.3753507446578891,0.02870710123030434,0.4040578458881934
Portugal,PRT,2021,-0.7652,False,49.22,11.91,13.21,2.24,4.0,0.0,0.8,15.57,1.31,17.68,4.75,8.801,0.24197480698902885,0.2683868346200732,0.04550995530272248,0.08126777732629013,0.0,0.016253555465258026,0.31633482324258433,0.02661519707436002,0.35920357578220236
Portugal,PRT,2020,-0.8452,False,51.39,12.08,12.3,1.72,3.79,0.0,2.36,17.6,1.32,21.28,1.46,2.763,0.23506518777972368,0.23934617629889085,0.03346954660439774,0.07374975676201595,0.0,0.04592333138742946,0.34247908153337225,0.02568593111500292,0.41408834403580463
Portugal,PRT,2019,-1.572,True,51.6,8.82,13.67,1.34,3.36,0.0,5.53,17.26,1.4,24.19,3.4,6.182,0.17093023255813952,0.26492248062015505,0.025968992248062015,0.06511627906976744,0.0,0.10717054263565892,0.33449612403100776,0.02713178294573643,0.46879844961240313
Portugal,PRT,2018,0.4775,False,58.35,12.39,12.62,1.01,3.16,0.0,12.01,15.61,1.32,28.94,-2.66,-4.776,0.21233933161953727,0.2162810625535561,0.017309340188517566,0.054155955441302486,0.0,0.2058269065981148,0.2675235646958012,0.02262210796915167,0.4959725792630677
Portugal,PRT,2017,-2.2061,True,57.59,5.9,12.25,0.99,3.22,0.0,14.67,18.89,1.45,35.01,-2.68,-4.881,0.1024483417259941,0.21271054002430975,0.017190484459107484,0.05591248480639,0.0,0.2547317242576836,0.3280083347803438,0.025177982288591767,0.6079180413266191
Portugal,PRT,2016,0.2074,False,59.05,15.72,12.47,0.87,3.07,0.0,12.63,12.58,1.54,26.75,-5.09,-9.433,0.26621507197290434,0.21117696867061814,0.014733276883996614,0.05198983911939035,0.0,0.21388653683319223,0.21303979678238782,0.026079593564775617,0.45300592718035565
Portugal,PRT,2015,-1.8741,True,51.14,8.66,11.6,0.8,3.1,0.0,14.73,10.56,1.49,26.78,2.27,4.25,0.16933906922174424,0.2268283144309738,0.01564333202972233,0.06061791161517403,0.0,0.28803285099726245,0.20649198279233477,0.029135705905357842,0.5236605396949551
Portugal,PRT,2014,0.4055,False,51.8,15.57,12.11,0.63,3.05,0.0,11.95,6.83,1.45,20.23,0.9,1.708,0.3005791505791506,0.23378378378378378,0.012162162162162163,0.05888030888030888,0.0,0.2306949806949807,0.13185328185328185,0.027992277992277992,0.39054054054054055
Portugal,PRT,2013,0.3338,False,50.35,13.73,12.01,0.48,3.05,0.0,11.84,7.23,1.81,20.88,2.78,5.232,0.2726911618669315,0.23853028798411122,0.009533267130089373,0.06057596822244289,0.0,0.23515392254220455,0.14359483614697122,0.03594836146971202,0.41469712015888777
Portugal,PRT,2012,-1.0894,True,45.44,5.62,10.26,0.39,2.95,0.0,13.09,10.67,2.31,26.07,7.89,14.795,0.12367957746478873,0.22579225352112678,0.00858274647887324,0.06492077464788733,0.0,0.28807218309859156,0.23481514084507044,0.050836267605633804,0.5737235915492959
Portugal,PRT,2011,-0.6811,False,51.78,11.54,9.16,0.28,2.92,0.0,9.85,14.92,2.9,27.67,2.81,5.147,0.2228659714175357,0.1769022788721514,0.00540749324063345,0.05639242950946311,0.0,0.19022788721514097,0.2881421398223252,0.05600617999227501,0.5343762070297412
Portugal,PRT,2010,2.0427,False,53.48,16.15,9.18,0.21,2.61,0.0,7.1,14.9,3.13,25.13,2.62,4.67,0.30198204936424833,0.17165295437546746,0.003926701570680628,0.048803290949887806,0.0,0.13275991024682124,0.2786088257292446,0.05852655198204937,0.4698952879581152
Portugal,PRT,2009,-0.18,False,49.38,8.28,7.58,0.16,2.09,0.0,12.9,14.71,3.48,31.09,4.78,8.826,0.16767922235722962,0.1535034426893479,0.003240178209801539,0.0423248278655326,0.0,0.26123936816524906,0.297893884163629,0.07047387606318348,0.6296071283920616
Portugal,PRT,2008,-0.2623,False,45.34,6.8,5.76,0.04,1.85,0.0,11.2,15.2,4.3,30.7,9.43,17.217,0.14997794441993823,0.12704014115571238,0.000882223202470225,0.040802823114247905,0.0,0.24702249669166296,0.33524481693868546,0.09483899426554918,0.6771063078958975
Portugal,PRT,2007,-1.1109,True,46.71,10.09,4.04,0.02,1.86,0.0,12.4,13.12,4.98,30.5,7.49,13.819,0.2160137015628345,0.0864911153928495,0.00042817383857846286,0.03982016698779705,0.0,0.26546777991864695,0.2808820381074716,0.10661528580603725,0.6529651038321559
Portugal,PRT,2006,0.5731,False,48.4,11.0,2.93,0.0,1.7,0.0,14.96,12.34,5.38,32.68,5.44,10.104,0.2272727272727273,0.06053719008264463,0.0,0.03512396694214876,0.0,0.30909090909090914,0.25495867768595043,0.11115702479338843,0.675206611570248
Portugal,PRT,2005,-1.881,True,46.01,4.73,1.77,0.0,1.68,0.0,15.23,13.61,8.92,37.76,6.82,12.909,0.10280373831775702,0.03846989784829385,0.0,0.03651380134753315,0.0,0.3310149967398392,0.29580525972614646,0.1938708976309498,0.8206911540969355
Sweden,SWE,2023,0.7254,False,166.05,66.19,34.25,3.11,11.7,48.47,0.0,0.16,2.17,2.33,-28.49,-20.711,0.3986148750376392,0.20626317374284853,0.01872929840409515,0.07046070460704607,0.2919000301114122,0.0,0.0009635651912074676,0.013068352905751278,0.014031918096958747
Sweden,SWE,2022,-0.5996,False,173.05,69.87,33.25,1.98,13.13,51.94,0.0,0.15,2.73,2.88,-33.22,-23.757,0.40375613984397574,0.19214099971106616,0.011441779832418375,0.07587402484830974,0.30014446691707597,0.0,0.0008668015024559375,0.015775787344698065,0.016642588847154
Sweden,SWE,2021,-0.3501,False,171.78,73.89,27.25,1.53,13.08,52.97,0.0,0.29,2.77,3.06,-25.57,-17.489,0.430143206426825,0.15863313540575155,0.00890674118057981,0.07614390499476074,0.3083595296309233,0.0,0.0016882058446850623,0.016125276516474562,0.01781348236115962
Sweden,SWE,2020,0.3577,False,163.78,72.39,27.52,1.05,11.18,49.2,0.0,0.1,2.34,2.44,-25.0,-18.014,0.4419953596287703,0.1680302845280254,0.006411039198925388,0.06826230308951031,0.30040297960678963,0.0,0.000610575161802418,0.014287458786176578,0.014898033947978995
Sweden,SWE,2019,0.7128,False,168.42,65.37,19.85,0.68,13.04,66.13,0.21,0.29,2.85,3.35,-26.16,-18.389,0.3881368008550054,0.11786011162569768,0.004037525234532716,0.07742548390927444,0.39264932905830663,0.0012468827930174563,0.0017218857617860113,0.016921980762379767,0.019890749317183234
Sweden,SWE,2018,-1.5657,True,163.36,62.21,16.62,0.41,11.91,68.55,0.34,0.38,2.94,3.66,-17.22,-11.783,0.3808153770812928,0.1017384916748286,0.0025097943192948086,0.07290646425073456,0.4196253672869735,0.002081292850146915,0.0023261508325171398,0.017997061704211555,0.02240450538687561
Sweden,SWE,2017,1.0976,False,164.23,65.14,17.61,0.23,12.08,65.7,0.32,0.33,2.82,3.47,-18.99,-13.075,0.3966388601351763,0.10722766851366985,0.0014004749436765513,0.07355537965049017,0.40004871217195404,0.00194848687815868,0.002009377093101139,0.017171040613773367,0.02112890458503319
Sweden,SWE,2016,0.266,False,155.89,62.02,15.48,0.14,11.49,63.1,0.26,0.68,2.72,3.66,-11.73,-8.137,0.3978446340368209,0.09930078901789725,0.0008980691513246522,0.07370581820514466,0.4047725960613253,0.0016678427096029254,0.004362050163576882,0.01744820065430753,0.023478093527487334
Sweden,SWE,2015,1.3113,False,162.0,75.31,16.32,0.1,10.77,56.35,0.39,0.45,2.31,3.15,-22.6,-16.212,0.46487654320987654,0.10074074074074074,0.0006172839506172839,0.06648148148148147,0.34783950617283954,0.0024074074074074076,0.002777777777777778,0.01425925925925926,0.019444444444444445
Sweden,SWE,2014,-0.5498,False,153.56,63.76,11.24,0.05,10.7,64.88,0.37,0.42,2.14,2.93,-15.62,-11.324,0.4152122948684553,0.07319614482938265,0.0003256056264652253,0.0696796040635582,0.42250586090127634,0.0024094816358426674,0.0027350872623078926,0.013935920812711644,0.019080489710862205
Sweden,SWE,2013,-0.6138,False,153.03,61.36,9.84,0.04,11.45,66.46,0.65,0.85,2.38,3.88,-10.0,-6.992,0.40096713062798145,0.0643011174279553,0.0002613866562112004,0.07482193034045612,0.43429392929490945,0.004247533163432007,0.005554466444488009,0.015552506044566424,0.02535450565248644
Sweden,SWE,2012,1.8743,False,166.44,78.93,7.17,0.02,12.19,64.04,0.48,0.92,2.69,4.09,-19.57,-13.325,0.47422494592646003,0.04307858687815429,0.00012016342225426581,0.073239605863975,0.38476327805815913,0.002883922134102379,0.005527517423696227,0.01616198029319875,0.024573419850997355
Sweden,SWE,2011,0.7619,False,150.28,66.43,6.11,0.01,11.54,60.47,0.66,1.58,3.48,5.72,-7.23,-5.054,0.44204152249134954,0.04065743944636678,6.654245408570669e-05,0.07678999201490551,0.40238221985626826,0.004391801969656641,0.010513707745541657,0.023156774021825925,0.03806228373702422
Sweden,SWE,2010,0.6809,False,148.45,66.4,3.49,0.01,12.19,57.83,1.02,2.91,4.6,8.53,2.08,1.382,0.44728864937689466,0.023509599191647024,6.736274840013473e-05,0.08211519029976423,0.3895587739979791,0.006871000336813743,0.019602559784439207,0.030986864264061973,0.05746042438531492
Sweden,SWE,2009,0.1833,False,136.6,65.85,2.49,0.01,11.46,52.17,0.51,1.56,2.55,4.62,4.69,3.319,0.48206442166910685,0.018228404099560763,7.320644216691069e-05,0.08389458272327965,0.3819180087847731,0.0037335285505124454,0.011420204978038069,0.018667642752562226,0.03382137628111274
Sweden,SWE,2008,0.8605,False,149.9,69.07,2.0,0.0,10.34,63.89,0.51,0.62,3.47,4.6,-1.96,-1.325,0.46077384923282183,0.0133422281521014,0.0,0.06897931954636424,0.42621747831887924,0.003402268178785857,0.004136090727151434,0.02314876584389593,0.03068712474983322
Sweden,SWE,2007,0.8766,False,148.82,66.16,1.43,0.0,9.84,66.97,0.65,0.83,2.94,4.42,1.32,0.879,0.44456390270124985,0.009608923531783362,0.0,0.06612014514178202,0.4500067195269453,0.0043676925144469836,0.005577207364601532,0.01975540921919097,0.029700309098239484
Sweden,SWE,2006,-0.1699,False,143.28,61.72,0.98,0.0,8.36,66.98,0.88,0.6,3.76,5.24,6.04,4.045,0.4307649357900614,0.006839754327191513,0.0,0.05834729201563372,0.46747627024008936,0.006141820212171971,0.0041876046901172526,0.026242322724734785,0.03657174762702401
Sweden,SWE,2005,0.1853,False,158.36,72.8,0.93,0.0,7.49,72.38,0.65,0.6,3.51,4.76,-7.39,-4.895,0.4597120484970952,0.0058726951250315735,0.0,0.04729729729729729,0.45705986360191964,0.004104571861581207,0.0037888355645364987,0.022164688052538517,0.030058095478656222
United States,USA,2023,0.1948,False,4253.91,239.01,421.14,238.94,47.2,774.87,675.11,1806.06,33.13,2514.3,18.9,0.442,0.05618595597932255,0.09900068407653194,0.056169500530100544,0.011095674332555226,0.1821547705522684,0.15870340463244403,0.42456469459861634,0.007788129038931243,0.5910562282699917
United States,USA,2022,-0.6992,False,4286.89,248.76,434.3,205.07,51.85,771.54,831.51,1687.06,38.64,2557.21,41.21,0.952,0.058028080963122446,0.10130887426549316,0.047836543508230904,0.012095015267478288,0.17997662641215426,0.19396578871862818,0.39353937236551434,0.009013527289013713,0.5965186883731562
United States,USA,2021,-0.1087,False,4153.62,246.47,378.2,164.42,54.25,779.65,898.0,1579.19,35.2,2512.39,39.31,0.938,0.05933860102753743,0.09105310548389116,0.03958474776219298,0.013060896278427011,0.18770373794425105,0.2161969559083402,0.3801960699341779,0.008474535465449417,0.6048675613079675
United States,USA,2020,-0.1959,False,4043.18,279.95,337.94,130.72,54.7,789.88,773.39,1624.17,34.34,2431.9,47.31,1.157,0.06924005362115958,0.08358272448913974,0.03233098699538482,0.013528954931514304,0.19536107717192902,0.1912826042867248,0.4017060828357877,0.008493314668157243,0.6014820017906698
United States,USA,2019,2.2561,False,4158.38,282.61,295.88,106.89,57.51,809.41,964.96,1585.81,37.44,2588.21,39.04,0.93,0.06796156195441494,0.07115270850667808,0.025704721550219075,0.013829904914894742,0.1946455109922614,0.23205190482832258,0.38135283451728796,0.009003506173077014,0.6224082455186876
United States,USA,2018,1.8844,False,4201.55,286.62,272.67,93.36,61.83,807.08,1149.49,1469.13,42.68,2661.3,44.46,1.047,0.06821768156989683,0.0648974783115755,0.022220371053539766,0.014715997667527458,0.19209101403053636,0.2735871285596982,0.34966381454463236,0.01015815591864907,0.6334090990229796
United States,USA,2017,0.6174,False,4052.31,293.84,254.3,77.28,62.73,804.95,1205.84,1296.44,37.89,2540.17,56.31,1.371,0.07251172787866673,0.06275433024620525,0.01907060417391562,0.015480059521606195,0.19863978817020417,0.2975685473223914,0.31992616556976144,0.009350222465704746,0.6268449353578577
United States,USA,2016,-0.0806,False,4087.56,261.13,226.99,54.87,62.76,805.69,1239.15,1378.31,39.5,2656.96,66.5,1.601,0.06388407754259265,0.05553190656528589,0.013423656166514987,0.015353903061973402,0.19710781003826244,0.3031515133722808,0.33719627357151943,0.009663466713638455,0.6500112536574387
United States,USA,2015,1.4488,False,4083.99,243.99,190.72,39.03,63.63,797.18,1352.4,1333.48,44.44,2730.32,66.67,1.606,0.05974304540412685,0.04669942874492837,0.009556830452572117,0.015580351567951931,0.19519636433977555,0.3311467461967341,0.32651402182669403,0.010881515380791823,0.66854228340422
United States,USA,2014,0.6001,False,4096.01,253.19,181.65,28.92,63.99,797.17,1581.71,1126.61,43.69,2752.01,53.21,1.282,0.06181381393111833,0.0443480362596771,0.007060529637378815,0.015622520452830925,0.19462110688206324,0.3861587251984248,0.2750505980210009,0.010666477865044273,0.67187580108447
United States,USA,2013,1.3497,False,4055.61,263.88,167.84,9.04,60.86,789.02,1581.11,1124.84,40.26,2746.21,57.88,1.407,0.06506542788877628,0.04138464990469991,0.002229011172178784,0.015006373887035488,0.19455026494164873,0.38985750602252184,0.2773540848355734,0.009926990021229851,0.6771385808793252
United States,USA,2012,-1.612,True,4040.67,271.29,140.82,4.33,57.62,769.33,1514.04,1225.89,39.09,2779.02,47.26,1.156,0.06713985551901047,0.03485065595557172,0.0010716044616363128,0.014260011334753889,0.19039664214103108,0.3747002353570076,0.303387804497769,0.009674138199852996,0.6877621780546296
United States,USA,2011,0.3454,False,4088.87,312.93,120.18,1.82,56.67,790.2,1733.43,1013.69,41.81,2788.93,37.25,0.903,0.07653214702350528,0.029391983604272087,0.0004451107518703212,0.01385957489477533,0.19325632754281746,0.4239386431948191,0.24791446047440982,0.010225318975658312,0.6820784226448872
United States,USA,2010,0.3947,False,4113.94,254.7,94.65,1.21,56.09,806.97,1847.29,987.7,47.5,2882.49,25.98,0.628,0.06191145228175424,0.023007141572312678,0.00029412193663495335,0.013634131756904576,0.1961550241374449,0.4490318283689116,0.24008614612755658,0.011546109082777095,0.7006640835792453
United States,USA,2009,0.8043,False,3939.82,268.82,73.89,0.89,54.49,798.85,1755.9,920.98,48.53,2725.41,34.05,0.857,0.06823154357305664,0.01875466391865618,0.0002258986451157667,0.013830581092537222,0.20276307039407893,0.44568025950424134,0.2337619485154144,0.012317821626368717,0.6917600296460243
United States,USA,2008,0.4241,False,4107.53,248.54,55.36,0.86,55.03,806.21,1985.8,882.98,55.43,2924.21,32.82,0.793,0.06050838338368801,0.013477686103327304,0.0002093715688016886,0.013397345850182471,0.19627610753908067,0.4834535596818526,0.2149661718843198,0.013494727975206513,0.7119144595413789
United States,USA,2007,-0.8346,False,4142.57,240.61,34.45,0.61,55.54,806.42,2016.46,896.59,75.19,2988.24,31.25,0.749,0.05808230156641892,0.008316093632696612,0.00014725158536850314,0.013407136149781416,0.19466659585716115,0.48676546201995385,0.21643327692712497,0.018150568366979918,0.7213493073140587
United States,USA,2006,-0.7246,False,4046.94,282.69,26.59,0.51,54.86,787.22,1990.51,816.44,71.61,2878.56,18.42,0.453,0.06985277765422764,0.006570396398266344,0.00012602114189980577,0.013555921263967343,0.19452228103208843,0.49185557482937725,0.20174255116211262,0.01769485092440214,0.711292976915892
United States,USA,2005,-0.0478,False,4034.99,263.76,17.81,0.55,54.28,781.99,2012.87,760.96,126.13,2899.96,24.78,0.61,0.06536819174273047,0.004413889501584886,0.00013630764884175675,0.013452325780237374,0.19380221512320975,0.4988537765892852,0.18859030629567858,0.03125906136074687,0.7187031442457107
